-- phpMyAdmin SQL Dump
-- version 3.4.10.1
-- http://www.phpmyadmin.net
--
-- Host: localhost
-- Generation Time: Feb 27, 2012 at 10:47 PM
-- Server version: 5.5.21
-- PHP Version: 5.3.10

SET SQL_MODE="NO_AUTO_VALUE_ON_ZERO";
SET time_zone = "+00:00";


/*!40101 SET @OLD_CHARACTER_SET_CLIENT=@@CHARACTER_SET_CLIENT */;
/*!40101 SET @OLD_CHARACTER_SET_RESULTS=@@CHARACTER_SET_RESULTS */;
/*!40101 SET @OLD_COLLATION_CONNECTION=@@COLLATION_CONNECTION */;
/*!40101 SET NAMES utf8 */;

--
-- Database: `tymoonC`
--

-- --------------------------------------------------------

--
-- Table structure for table `ms_banned`
--

CREATE TABLE IF NOT EXISTS `ms_banned` (
  `IP` varchar(16) NOT NULL,
  `time` int(11) NOT NULL,
  `reason` text NOT NULL,
  `appeal` text NOT NULL,
  UNIQUE KEY `IP` (`IP`)
) ENGINE=MyISAM DEFAULT CHARSET=latin1;

--
-- Dumping data for table `ms_banned`
--

INSERT INTO `ms_banned` (`IP`, `time`, `reason`, `appeal`) VALUES
('`67.159.36.22`is', 1324492534, 'On second thought, stay out too.', 'true');

-- --------------------------------------------------------

--
-- Table structure for table `ms_bbcode`
--

CREATE TABLE IF NOT EXISTS `ms_bbcode` (
  `title` varchar(32) NOT NULL,
  `raw` varchar(32) NOT NULL,
  `bbcode` text NOT NULL,
  `html` text NOT NULL,
  `admin` int(11) NOT NULL,
  PRIMARY KEY (`title`)
) ENGINE=MyISAM DEFAULT CHARSET=latin1;

--
-- Dumping data for table `ms_bbcode`
--

INSERT INTO `ms_bbcode` (`title`, `raw`, `bbcode`, `html`, `admin`) VALUES
('bold', '[b]|[/b]', '`\\[b\\](.+?)\\[/b\\]`is', '<b>\\1</b>', 0),
('strike', '[s]|[/s]', '`\\[s\\](.+?)\\[/s\\]`is', '<s>\\1</s>', 0),
('italic', '[i]|[/i]', '`\\[i\\](.+?)\\[/i\\]`is', '<i>\\1</i>', 0),
('underlined', '[u]|[/u]', '`\\[u\\](.+?)\\[/u\\]`is', '<u>\\1</u>', 0),
('center', '[center]|[/center]', '`\\[center\\](.+?)\\[/center\\]`is', '<center>\\1</center>', 1),
('left', '[left]|[/left]', '`\\[left\\](.+?)\\[/left\\]`is', '<div style="text-align:left;">\\1</div>', 1),
('right', '[right]|[/right]', ' `\\[right\\](.+?)\\[/right\\]`is', '<div style="text-align:right;">\\1</div>', 1),
('image', '[img]|[/img]', '`\\[img\\]((http|ftp|https):\\/\\/[\\w\\-_]+(\\.[\\w\\-_]+)+([\\w\\-\\.,@?^=%&amp;:/~\\+#]*[\\w\\-\\@?^=%&amp;/~\\+#])?)\\[/img\\]`is', '<img src=\\"\\1\\" style=\\''max-width:100%;\\'' />', 2),
('url', '[url]|[/url]', '`\\[url\\](((http|ftp|https):\\/\\/)?[\\w\\-_]+(\\.[\\w\\-_]+)+([\\w\\-\\.,@?^=%&:/~\\+#]*[\\w\\-\\@?^=%&/~\\+#])?)\\[/url\\]`is', '<a href=\\"\\1\\">\\1</a>', 0),
('aurl', '[url=|][/url]', '`\\[url=(((http|ftp|https):\\/\\/)?[\\w\\-_]+(\\.[\\w\\-_]+)+([\\w\\-\\.,@?^=%&:/~\\+#]*[\\w\\-\\@?^=%&/~\\+#])?)\\]([\\w\\d\\s,_\\-\\.:;,/\\\\&%\\+!\\?\\"\\''\\(\\)]+)\\[/url\\]`is', '<a href=\\"\\1\\">\\6</a>', 0),
('color_short', '[c=#000000]|[/c]', '`\\[c=(.+?)\\](.+?)\\[/c\\]`is', '<font color="\\1">\\2</font>', 0),
('font', '[font=Arial]|[/font]', '`\\[font=(.+?)\\](.+?)\\[/font\\]`is', '<font face="\\1">\\2</font>', 0),
('size', '[size=5]|[/size]', '`\\[size=(\\d+?)\\](.+?)\\[/size\\]`is', '<font size=\\"\\1\\">\\2</font>', 1),
('quote', '[quote=-]|[/quote]', '`\\[quote=(.+?)\\](.+?)\\[/quote\\]`is', '<div class="quote"><i>Quote: \\1</i><hr>\\2</div>', 0),
('list', '[list]|[/list]', '`\\[list\\](.+?)\\[/list\\]`is', '<ul>\\1</ul>', 0),
('listelement', '[*]|\\n', '`\\[\\*\\](.+?)<br>`is', '<li>\\1</li>', 0),
('alink', '[link=|][/link]', '`\\[url=(((http|ftp|https):\\/\\/)?[\\w\\-_]+(\\.[\\w\\-_]+)+([\\w\\-\\.,@?^=%&:/~\\+#]*[\\w\\-\\@?^=%&/~\\+#])?)\\]([\\w\\d\\s,_\\-\\.:;,/\\\\&%\\+!\\?\\"\\''\\(\\)]+)\\[/url\\]`is', '<a href=\\"\\1\\">\\6</a>', 0),
('link', '[link]|[link]', '`\\[url\\](((http|ftp|https):\\/\\/)?[\\w\\-_]+(\\.[\\w\\-_]+)+([\\w\\-\\.,@?^=%&:/~\\+#]*[\\w\\-\\@?^=%&/~\\+#])?)\\[/url\\]`is', '<a href=\\"\\1\\">\\1</a>', 0),
('youtube', '[youtube]|[/youtube]', '`\\[youtube\\]https?:\\/\\/(?:[0-9A-Z-]+\\.)?(?:youtu\\.be\\/|youtube\\.com\\S*[^\\w\\-\\s])([\\w\\-]{11})(?=[^\\w\\-]|$)(?![?=&+%\\w]*(?:[\\''\\"][^<>]*>|<\\/a>))[?=&+%\\w]*\\[/youtube\\]`is', '<iframe width=\\"400\\" height=\\"300\\" src=\\"http://www.youtube.com/embed/\\1\\" frameborder=\\"0\\" allowfullscreen></iframe>', 0),
('squote', '[quote]|[/quote]', '`\\[quote\\](.+?)\\[/quote\\]`is', '<div class=\\"quote\\"><i>Quote</i><hr>\\1</div>', 0),
('gay', 'gay|gay', '`gay`is', 'fabulous', 0),
('comment', '[comment]|[/comment]', '`\\[comment\\](.+?)\\[/comment\\]`is', '<!-- \\1 -->', 0),
('aimg', '[img=|][/img]', '`\\[img=((http|ftp|https):\\/\\/[\\w\\-_]+(\\.[\\w\\-_]+)+([\\w\\-\\.,@?^=%&amp;:/~\\+#]*[\\w\\-\\@?^=%&amp;/~\\+#])?)\\](.+?)\\[/img\\]`is', '<img src=\\"\\1\\" \\5 />', 2),
('spoiler', '[spoiler]|[/spoiler]', '`\\[spoiler\\](.+?)\\[/spoiler\\]`is', '<div class="spoiler"><input type="button" value="Spoiler" /><div class="spoilertext" style="display:none;">\\1\r\n</div></div>', 0),
('hr', '[hr]|', '`\\[hr\\]`is', '<hr />', 0),
('color', '[color=#000000]|[/color]', '`\\[color=(.+?)\\](.+?)\\[/color\\]`is', '<font color="\\1">\\2</font>', 0),
('sspoiler', '[?]|[/?]', '`\\[\\?\\](.+?)\\[/\\?\\]`is', '<div class=\\"sspoiler\\">\\1</div>', 0),
('subscript', '[sub]|[/sub]', '`\\[sub\\](.+?)\\[/sub\\]`is', '<sub>\\1</sub>', 0),
('superscript', '[sup]|[/sup]', '`\\[sup\\](.+?)\\[/sup\\]`is', '<sup>\\1</sup>', 0),
('code', '[code]|[/code]', '`\\[code\\](.+?)\\[/code\\]`is', '<code style=\\"white-space:pre-wrap;\\">\\1</code>', 0),
('user', '@| ', '`@(\\w+?)\\s`is', '<a href=\\"/user/\\1\\">@\\1</a> ', 0);

-- --------------------------------------------------------

--
-- Table structure for table `ms_categories`
--

CREATE TABLE IF NOT EXISTS `ms_categories` (
  `categoryID` bigint(20) NOT NULL AUTO_INCREMENT,
  `MID` int(11) NOT NULL,
  `PID` bigint(20) NOT NULL,
  `title` varchar(35) NOT NULL,
  `subject` text NOT NULL,
  `options` text NOT NULL,
  PRIMARY KEY (`categoryID`)
) ENGINE=MyISAM  DEFAULT CHARSET=latin1 AUTO_INCREMENT=55 ;

--
-- Dumping data for table `ms_categories`
--

INSERT INTO `ms_categories` (`categoryID`, `MID`, `PID`, `title`, `subject`, `options`) VALUES
(49, 10, 47, 'Awesome', ';P112;P113;P114;P115;P116;P117;P118;P119', ''),
(33, 12, -1, 'Misc', '', '4'),
(32, 12, -1, 'Sketches', '', '4'),
(31, 12, -1, '3D CG', '', '4'),
(30, 12, 28, 'Spherae', '', '4'),
(29, 12, 28, 'Re-Boot', '', '4'),
(28, 12, -1, 'Characters', '', '4'),
(27, 12, -1, 'Ponies', '', '4'),
(48, 10, 47, 'Profiles', ';P109;P110;P111', ''),
(34, 13, -1, 'Transcend', 'This category is for progress updates for the game project Transcend.\r\nIt discusses the game design process on a more distant level, so no coding knowledge is required.', ''),
(35, 13, -1, 'Site Updates', 'Reports about TyNET&#039;s status.', ''),
(36, 13, -1, 'Casual', 'Casual updates about things going about in real life.', ''),
(37, 13, -1, 'Discoveries', 'Things I discovered on the web or just otherwise interesting things that occurred to me.', ''),
(38, 13, -1, 'Rants', 'Sometimes I like to rant about things that get me steamed up for some reason.\r\nI hope I can keep this either to a minimum or at least interesting.', ''),
(39, 13, -1, 'Tech', 'Technology, oh technology... what hath thou donest with us?', ''),
(40, 13, -1, 'Misc', 'Everything that doesn&#039;t quite fit anywhere else.', ''),
(41, 12, 33, 'Gifts', '', '4'),
(43, 15, -1, 'Site', 'Discussion about TyNET, administrative matters.', '1;2'),
(44, 15, -1, 'Projects', 'Discussion of NexT&#039;s projects.', ';3;4;5'),
(45, 15, -1, 'Chat', '', ';6;7;8'),
(46, 17, 0, 'chan', '1;2;3', ''),
(47, 10, -1, 'Links', 'P121;P106;P107;P108;C48;C49', ''),
(50, 13, -1, 'Reviews', 'Sometimes I write small reviews.\r\nI&#039;m by far no professional critic or reviewer, but it might still be interesting to read some thoughts I have on various things like movies, books, series and so on.', ''),
(51, 17, 0, 'idk', '4;5', ''),
(52, 17, 0, 'gen', '6;8;13', ''),
(53, 17, 0, 'med', '9;11', ''),
(54, 13, -1, 'Science', 'Science is interesting and I&#039;d like to share some of my humble knowledge about it.', '');

-- --------------------------------------------------------

--
-- Table structure for table `ms_groups`
--

CREATE TABLE IF NOT EXISTS `ms_groups` (
  `groupID` int(11) NOT NULL AUTO_INCREMENT,
  `title` varchar(35) NOT NULL,
  `admin` int(11) NOT NULL,
  PRIMARY KEY (`groupID`)
) ENGINE=MyISAM  DEFAULT CHARSET=latin1 AUTO_INCREMENT=5 ;

--
-- Dumping data for table `ms_groups`
--

INSERT INTO `ms_groups` (`groupID`, `title`, `admin`) VALUES
(2, 'Registered', 10),
(3, 'Root', 99),
(4, 'Admin', 90);

-- --------------------------------------------------------

--
-- Table structure for table `ms_headers`
--

CREATE TABLE IF NOT EXISTS `ms_headers` (
  `title` varchar(35) NOT NULL,
  `filename` varchar(35) NOT NULL
) ENGINE=MyISAM DEFAULT CHARSET=latin1;

--
-- Dumping data for table `ms_headers`
--

INSERT INTO `ms_headers` (`title`, `filename`) VALUES
('temporary', 'christmas.png'),
('Cold Blue', 'cold_blue.png'),
('Coder', 'coder.png'),
('Sphere', 'sphere.png'),
('Cubes', 'cubes.png');

-- --------------------------------------------------------

--
-- Table structure for table `ms_log`
--

CREATE TABLE IF NOT EXISTS `ms_log` (
  `logID` int(11) NOT NULL AUTO_INCREMENT,
  `subject` text NOT NULL,
  `time` varchar(16) NOT NULL,
  `owner` bigint(20) NOT NULL,
  PRIMARY KEY (`logID`)
) ENGINE=MyISAM  DEFAULT CHARSET=latin1 AUTO_INCREMENT=57 ;

--
-- Dumping data for table `ms_log`
--

INSERT INTO `ms_log` (`logID`, `subject`, `time`, `owner`) VALUES
(1, 'Log cleared.', '1325886545', 4),
(2, 'Blog There be news. added.', '1325959478', 4),
(3, 'Short 02k55 =&gt; http://shinmera.deviantart.com/art/Pose-sketches-201637735?q=gallery:shinmera/25126351&amp;qo=10 set.', '1325981488', -1),
(4, 'Short nAWYV =&gt; http://wiki.mypaint.info/File:DW4_revoy_visu-01.jpg set.', '1325985958', -1),
(5, 'BBCode code added.', '1326049005', 4),
(6, 'Page Stevenchan edited.', '1326051058', 4),
(7, 'Page Stevenchan edited.', '1326051077', 4),
(8, 'Picture &#039;Huh&#039; edited', '1326131858', 4),
(9, 'BBCode code edited.', '1326208746', 4),
(10, 'BBCode code edited.', '1326217027', 4),
(11, 'BBCode code edited.', '1326217080', 4),
(12, 'BBCode code edited.', '1326217215', 4),
(13, 'BBCode code edited.', '1326217323', 4),
(14, 'Blog Limitation added.', '1326714981', 4),
(15, 'IP `93.182.132.103`is banned for -1s (SPAMBOT.)', '1326782561', 4),
(16, 'Comment from Harris (vjkdrndf@wkime.pl) for CID 38 and MID 13 added.', '1327001763', -1),
(17, 'IP `117.21.225.66`is banned for -1s (No reason given.)', '1327106798', 4),
(18, 'Comment from Zavislak (gbuhndfi7@wkime.pl) for CID 38 and MID 13 added.', '1327213141', -1),
(19, 'IP `199.19.107.192`is banned for -1s (No reason given.)', '1327318752', 4),
(20, 'IP `173.224.11.227`is banned for 432000s (Requested)', '1327442403', 9),
(21, 'Picture &#039;Mh&#039; edited', '1327532194', 4),
(22, 'Comment from Fagnet (crashgatinho13@hotmail.com) for CID 40 and MID 13 added.', '1327767287', -1),
(23, 'Comment from Shinmera (nhafner@gmx.ch) for CID 40 and MID 13 added.', '1327777701', 4),
(24, 'Filetype HTML added.', '1327783074', 4),
(25, 'Board Media &amp; Technology edited.', '1327783116', 4),
(26, 'Filetype CSS added.', '1327783226', 4),
(27, 'Board Media &amp; Technology edited.', '1327783263', 4),
(28, 'Filetype PDF added.', '1327835580', 4),
(29, 'Filetype SWF added.', '1327835703', 4),
(30, 'Filetype GZ added.', '1327836074', 4),
(31, 'Filetype JAR added.', '1327836099', 4),
(32, 'Filetype RAR added.', '1327836237', 4),
(33, 'Filetype ZIP added.', '1327836254', 4),
(34, 'Filetype 7Z added.', '1327836281', 4),
(35, 'Filetype TEX added.', '1327836374', 4),
(36, 'Filetype FLV added.', '1327836392', 4),
(37, 'Filetype AVI added.', '1327836541', 4),
(38, 'Filetype MOV added.', '1327836569', 4),
(39, 'Filetype MP4 added.', '1327836597', 4),
(40, 'Filetype WMV added.', '1327836619', 4),
(41, 'Filetype JAVA added.', '1327836727', 4),
(42, 'Board Media &amp; Technology edited.', '1327837468', 4),
(43, 'Board Media &amp; Technology edited.', '1327837595', 4),
(44, 'Board Magnetising edited.', '1327837631', 4),
(45, 'Board Media &amp; Technology edited.', '1327838362', 4),
(46, 'Picture &#039;Shinmera &amp; Mithent Lost&#039; edited', '1327881056', 4),
(47, 'Picture &#039;Shinmera &amp; Mithent Lost In The City&#039; edited', '1327881130', 4),
(48, 'BBCode user added.', '1327923300', 4),
(49, 'Short UItyC =&gt; http://argh.tymoon.eu/?c=true&amp;r=true&amp;t=♥ set.', '1328047334', 4),
(50, 'IP `93.127.40.41`is banned for -1s (No reason given.)', '1328138370', 9),
(51, 'Board Test Your Shit edited.', '1328177918', 4),
(52, 'Variable chan_fileloc_extern edited.', '1328178221', 4),
(53, 'Key chan_fileloc_extern deleted.', '1328443360', 4),
(54, 'Key chan_fileloc_extern =&gt;  added.', '1328443431', 4),
(55, 'Variable chan_fileloc_extern edited.', '1328443505', 4),
(56, 'Variable chan_fileloc_extern edited.', '1328443541', 4);

-- --------------------------------------------------------

--
-- Table structure for table `ms_modules`
--

CREATE TABLE IF NOT EXISTS `ms_modules` (
  `moduleID` bigint(20) NOT NULL AUTO_INCREMENT,
  `title` varchar(35) NOT NULL,
  `subject` text NOT NULL,
  `subdomain` varchar(35) NOT NULL,
  `index` varchar(35) NOT NULL,
  `activated` tinyint(1) NOT NULL,
  PRIMARY KEY (`moduleID`)
) ENGINE=MyISAM  DEFAULT CHARSET=latin1 AUTO_INCREMENT=19 ;

--
-- Dumping data for table `ms_modules`
--

INSERT INTO `ms_modules` (`moduleID`, `title`, `subject`, `subdomain`, `index`, `activated`) VALUES
(1, 'ACP', 'Administration module. This provides the backend for the whole site.', 'admin', 'admin.php', 0),
(11, 'Shortener', 'URL shortening service', 'short', 'shortener.php', 0),
(2, 'UCP', 'User module. This provides the control panel for user actions.', 'user', 'user.php', 0),
(3, 'RSS', 'Provides RSS feeds.', 'rss', 'rss.php', 0),
(8, 'Comments', 'Commentary API required by many other modules. Provides nothing by itself.', '-', 'comments.php', 0),
(10, 'Themes', 'Manage Themes and site layout options.', '-', 'themes.php', 0),
(9, 'Widgets', 'Widget system.\r\nAssures safe connection between the theming system and the module widgets.', '-', 'widgets.php', 0),
(12, 'Gallery', 'Provides a simple gallery with user-dependent folders.', 'gallery', 'gallery.php', 0),
(13, 'Blog', 'Adds a simple blogging system with front-page widget.', 'blog', 'blog.php', 0),
(14, 'Uploader', 'Simple, globally usable uploader.\r\nProvides AJAX uploading forms.\r\nNo use on it&#039;s own.', 'up', 'uploader.php', 0),
(15, 'Forum', 'Adds an extensive forum to the site.', 'forum', 'forum.php', 0),
(16, 'Search', 'Provides searching features.\r\nPart of the main TyNET API.', 'search', 'search.php', 0),
(17, 'Chan', 'Provides a Kusaba-like imageboard', 'chan', 'chan/chan.php', 0),
(18, 'Fileman', 'A simple file browser and editor.', '-', 'fileman.php', 0);

-- --------------------------------------------------------

--
-- Table structure for table `ms_options`
--

CREATE TABLE IF NOT EXISTS `ms_options` (
  `key` text NOT NULL,
  `value` text NOT NULL
) ENGINE=InnoDB DEFAULT CHARSET=latin1;

--
-- Dumping data for table `ms_options`
--

INSERT INTO `ms_options` (`key`, `value`) VALUES
('API_GETMESSAGE_TOKEN', 'JKPLuct0Z5H6Ju331XBx6n64409578Zl3LE046963K1E98242L'),
('metakeys', 'Shinmera, NexT, Nick, Nicolas Hafner, Nicolas, Hafner, comic, webcomic, blog, projects, Tymoon, TyNET, TymoonNET, gallery, forum, Stevenchan, programming, art, drawing'),
('headlines', 'Clowning around;NOOPE! Chuck Testa.;Aww, desu desu bitches!'),
('fo_post_timeout', '15'),
('comment_Gallery_CCD', '2'),
('ms_category_order', 'P103;P104;P105;C47'),
('activated_modules', '1;2;8;9;10;11;12;13;14;15;16;17;18'),
('rss_title', 'TymoonNET RSS Feed'),
('post_timeout', '15'),
('rss_description', 'RSS Feed for the TymoonNET comics by Nicolas Hafner'),
('register_timeout', '900'),
('salt1', 'MLPisAveryAWESOMEshow'),
('salt2', 'you_have_GOT_to_be_shittong_me'),
('cookie_life_h', '8544'),
('API_DELUSER_TOKEN', '2jX8isQRib07qOGQ6WbrfEol16Wi8RZXx0ofK7klf8PjFuUFq6'),
('recaptcha_key_public', '6LeYH7wSAAAAADyB1R9ooRPtxFSTCUcnL5dO6dr8'),
('recaptcha_key_private', '6LeYH7wSAAAAAMyEpHJzu0HScC6hqm6CyV7WPVMG'),
('API_DELCOMMENT_TOKEN', '5nsgTd2OW07aV3ofvFnd209RT781nKb14rGozi73jKSXLlCXbq'),
('akismet_key', '9fce28faba37'),
('API_SUBMITCOMMENT_TOKEN', 'UqP73SsOJw11e1gJOgiswn59ffOHg7Vhz5q2U7Z27wyw6wB3Tf'),
('comment_size_min', '4'),
('comment_size_max', '500'),
('sysop_mail', 'admin@xprog.ch'),
('API_INSTALL_TOKEN', 'rn7NAxaiEyhDS2bDTAjqTCGEN15FeGf8y4u1rw5ojgkmc6Z0IJ'),
('API_UNINSTALL_TOKEN', '3IR37535AX2x4xL2947F4hu43j39tB28287g9YB9DX0Zs5Ic44'),
('sitename', 'TyNET'),
('API_SETREAD_TOKEN', 'R8042Nwq12VRi00J0S45v194cJW2n98aZZ4R45ikS1H3Zc0iM7'),
('API_UPDATEPASSWORD_TOKEN', '6p7d0n907xk6s585195Vo9HpY7m941533BA2G148m5750AjR72'),
('signature_limit', '300'),
('avatar_maxsize', '500'),
('avatar_maxdim', '150'),
('salt3', '23scUOBa38@#J(&)2h1linDV(03uBNX:'),
('API_BAN_TOKEN', '27o5oIMg5i08DpT7yvn98bpPWAKKyBtE1pc88YU10q53RrYT76'),
('API_UNBAN_TOKEN', 'PP32w91Wr8ce3yu05ZF9KN2b08dEvd8022u66aV7T6w76J3ZD6'),
('API_ADDKEY_TOKEN', '2y954f7tj202wlwvNxI8186Q60yu85nY2J24Ur42437h39I683'),
('API_DELKEY_TOKEN', 'YzE106Q2gar5173u0pHy1306xW2US1Sy9DwM6JqI19VCWNW0I0'),
('API_ADDGROUPLEADER_TOKEN', '056V6j7r9qu846b7l7091F6WLrMSm6Rso6L1545cXQ871JC8sg'),
('API_ADDGROUPMEMBER_TOKEN', 'v1VB7w5G2t20C9FJQKe1ljQ4D8cY58707YVGYpw0MfN41h864k'),
('API_DELGROUPLEADER_TOKEN', 'b05NtZ397VwzO16H93J321iWMV3Y67C932A6sW7M50VMGsv31F'),
('API_DELGROUPMEMBER_TOKEN', '590G00j40Kdz1FH30pD6EdZqIK6786X2529ky18q932C0n71DW'),
('API_REQUESTMEMBER_TOKEN', '5667l2GP9yl3247h39381M6Ak18537VW2K279xv4w43H011ma3'),
('API_REJECTMEMBER_TOKEN', 'pdX01sP7L43XR9515z6h8N6gJ1V1A322oF3QZ2Y114d893r30g'),
('API_APPROVEMEMBER_TOKEN', 'P39170Z8V1b8153wx1pa8U83Csf31rCm665X2hJ77LiB1tW3z2'),
('API_REGISTERCCD_TOKEN', 'vn5Uq60Y8666j9P8K2M578Kz8aG72881K7343V2329K3wW6M4b'),
('API_REGISTERWIDGET_TOKEN', '0n0Q8r8c2u1fh2d08q347U1f3811i72E16X281pznW61AFK835'),
('default_theme', 'default'),
('API_UNREGISTERWIDGET_TOKEN', 'k079vy88L92934A1XGEm15u9j06sq2Ut0XJ2ysP9SqMp5CwFsb'),
('API_UPDATEWIDGET_TOKEN', 'PT52039824026ij3N2StKjACg18U9MZ02I2098GP0M60ZhCQ7A'),
('registrations', 'open'),
('comment_Blog_CCD', '1'),
('fo_ppp', '50'),
('fo_tpp', '50'),
('chan_title', 'Stevenchan'),
('chan_tpp', '15'),
('chan_thumbsize', '125'),
('chan_opthumbsize', '200'),
('chan_trips', '##toofabulous=!StevenMagnet\r\n##mbyteistherealdeal=!Mbyte\r\n##IhxV5-s^=!Derpy\r\n##jkjn329832axc=!Mithent\r\n##cebz899ff92yf=!TheDoctor\r\n##83kjna9olujef=!Ash\r\n##ijlamwd9020ou=!Haackula\r\n##klhawdino98ol=!Vines\r\n##i=!JohnnySappingtonMermaiduke\r\n##iodaw983309ad=!minty\r\n##0000000000000Link=!Link\r\n##jkdawd9822093=!SunnyDays\r\n##=!Anonymous\r\n##pedobear=!ChrisHansen\r\n##phone=!Phone\r\n##09s3fefefwavfPhotoFinish=!PhotoFinish\r\n##343nfnkfjil8aTwilight=!Twilight\r\n##hfdlawfn89csaSpike=!Spike\r\n##oin4o8989niadPinkiePie=!PinkiePie\r\n##ldwnad8792bakApplejack=!Applejack\r\n##fefi98h3kjnakRarity=!Rarity\r\n##nladwaouidh9hRainbowDash=!RainbowDash\r\n##kbn4los98vlsaFluttershy=!Fluttershy\r\n##dawldnawdoi3oAngelBunny=!AngelBunny\r\n##fufwui3489aacLyra=!Lyra\r\n##kbf.i4o9sn9oaBonBon=!BonBon\r\n##lfsnfnelsoi09Colgate=!Colgate\r\n##ilfsfioef094aDrWhooves=!DrWhooves\r\n##fiafiodalior4RoseLuck=!RoseLuck\r\n##bbabdw9l3aadwZecora=!Zecora\r\n##ilnk4on4oa09fOctavia=!Octavia\r\n##n4isf894nslnuCelestia=!Celestia\r\n##ionadnia90pmaLuna=!Luna\r\n##kadawoi93alkcCheerilee=!Cheerilee\r\n##andwkadlinlnoScootaloo=!Scootaloo\r\n##klnsfeoii40SweetieieBelle=!SweetieBelle\r\n##lmdaw.dmam.oiApplebloom=!Applebloom\r\n##indawdnaowiuaDinky=!Dinky'),
('chan_maxlines', '20'),
('chan_posttimeout', '5'),
('chan_fileloc_extern', 'http://netbook.me/data/chan/');

-- --------------------------------------------------------

--
-- Table structure for table `ms_pages`
--

CREATE TABLE IF NOT EXISTS `ms_pages` (
  `pageID` bigint(20) NOT NULL AUTO_INCREMENT,
  `CID` bigint(20) NOT NULL,
  `title` varchar(35) NOT NULL,
  `filename` text NOT NULL,
  PRIMARY KEY (`pageID`)
) ENGINE=MyISAM  DEFAULT CHARSET=latin1 AUTO_INCREMENT=122 ;

--
-- Dumping data for table `ms_pages`
--

INSERT INTO `ms_pages` (`pageID`, `CID`, `title`, `filename`) VALUES
(103, -1, 'Blog', '/blog'),
(104, -1, 'Gallery', '/gallery'),
(105, -1, 'Forum', '/forum'),
(106, 47, 'Image Dump', 'http://img.tymoon.eu'),
(107, 47, 'Kick Shinmera', 'http://scr.tymoon.eu/kick'),
(108, -1, 'Stevenchan', 'http://stevenmagnet.tymoon.eu'),
(109, 48, 'deviantART', 'http://shinmera.deviantart.com'),
(110, 48, 'Steam', 'http://steamcommunity.com/id/Shinmera'),
(111, 48, 'Twitter', 'http://twitter.com/Shinmera'),
(112, 49, 'MSPA', 'http://mspaintadventures.com'),
(113, 49, 'Nedroid', 'http://nedroid.com'),
(114, 49, 'TDWTF', 'http://thedailywtf.com'),
(115, 49, 'Boxerhockey', 'http://boxerhockey.com'),
(116, 49, 'Dr Mc Ninja', 'http://drmcninja.com'),
(117, 49, 'Gunnerkrigg', 'http://gunnerkrigg.com'),
(118, 49, 'Coding Horror', 'http://codinghorror.com'),
(119, 49, 'You', '/you'),
(120, -1, 'isisrapefunny.comfunny', 'isisrapefunny.comfunny.php'),
(121, 47, 'Contact', '/contact');

-- --------------------------------------------------------

--
-- Table structure for table `ms_tickets`
--

CREATE TABLE IF NOT EXISTS `ms_tickets` (
  `ticketID` bigint(20) NOT NULL AUTO_INCREMENT,
  `MID` bigint(20) NOT NULL,
  `AID` bigint(20) NOT NULL,
  `ticket` text NOT NULL,
  `autotext` text NOT NULL,
  `time` varchar(16) NOT NULL,
  `ip` varchar(16) NOT NULL,
  PRIMARY KEY (`ticketID`)
) ENGINE=MyISAM  DEFAULT CHARSET=latin1 AUTO_INCREMENT=7 ;

--
-- Dumping data for table `ms_tickets`
--

INSERT INTO `ms_tickets` (`ticketID`, `MID`, `AID`, `ticket`, `autotext`, `time`, `ip`) VALUES
(1, 17, 8, 'This post IS GAY', 'so fucking gay. SO, GAY.', '1319930159', '81.174.247.151'),
(2, 17, 8, 'Shins a fag, You fag!', 'so fucking gay. SO, GAY.', '1319930272', '81.174.247.151'),
(3, 17, 159, 'I report this because I was just blind. Also report test V.2', '&amp;gt;&amp;gt;112\r\nHow do I &amp;quot;enter&amp;quot; the thread.\r\nWhen I quit and click on the post number, I still float outside of the thread?\r\n\r\nIt would be great to have an expand thread button. ^^&amp;#039;\r\n-', '1321389734', '83.248.55.103'),
(4, 17, 159, 'I report this because I was just blind. Also report test V.2', '&amp;gt;&amp;gt;112\r\nHow do I &amp;quot;enter&amp;quot; the thread.\r\nWhen I quit and click on the post number, I still float outside of the thread?\r\n\r\nIt would be great to have an expand thread button. ^^&amp;#039;\r\n-', '1321389734', '83.248.55.103'),
(5, 17, 234, 'A little bug I discovered.', '&amp;gt;&amp;gt;233\r\n&amp;gt;&amp;gt;228\r\n\r\n[spoiler] [color] text [color] [spoiler] = fancy text\r\n\r\n[color] [spoiler] text [spoiler] [color] = works.', '1321397841', '83.248.55.103'),
(6, 17, 28842, 'oh look a faggot spammer! one giant bag of dicks coming his way', '[url=http://chan.tymoon.eu/byID/8/28842]&gt;&gt;28842[/url][hr]\nArrangements for country decor will utilize an ornate container with many flowers that could have just been picked from the backyard garden. Customization to make them mini versions of &#039;57 Chevys or other cars. Aliens: Infestation promises the Nintendo DS a long life ahead, despite the 3DS threats of making it obsolete. &lt;a href=http://lopolikuminr.com&gt;amosite&lt;/a&gt; This makes it easier for your client, makes you look more professional in your approach and saves both of you time. It&#039;s location in the Witwatersrand range of hills makes it a promising trade opportunity for gold and diamond mining.', '1327208294', '95.144.158.247');

-- --------------------------------------------------------

--
-- Table structure for table `ms_timer`
--

CREATE TABLE IF NOT EXISTS `ms_timer` (
  `IP` varchar(16) NOT NULL,
  `time` int(11) NOT NULL,
  `action` text NOT NULL
) ENGINE=InnoDB DEFAULT CHARSET=latin1;

--
-- Dumping data for table `ms_timer`
--

INSERT INTO `ms_timer` (`IP`, `time`, `action`) VALUES
('99.18.193.253', 1318473754, 'search'),
('98.167.155.176', 1318461741, 'search'),
('62.167.100.196', 1318499155, 'visit:4'),
('84.227.174.74', 1318497596, 'visit:4'),
('81.174.247.151', 1318453145, 'register'),
('81.174.247.151', 1318540120, 'fo_post'),
('84.227.174.74', 1318455403, 'fo_post'),
('74.67.66.247', 1318455912, 'search'),
('97.113.130.199', 1318457473, 'search'),
('84.227.174.74', 1318457722, 'visit'),
('84.227.207.74', 1318500752, 'visit:4'),
('89.217.139.55', 1318501387, 'visit:4'),
('89.217.139.55', 1318501361, 'fo_post'),
('84.227.199.186', 1318502037, 'visit:4'),
('84.227.216.123', 1318510908, 'visit:4'),
('89.217.128.187', 1318511642, 'visit:4'),
('84.227.208.29', 1318525182, 'visit:4'),
('70.176.132.254', 1318518825, 'search'),
('79.77.97.122', 1318521411, 'search'),
('84.227.208.29', 1318525182, 'fo_post'),
('84.227.221.193', 1318536268, 'visit:4'),
('84.227.221.193', 1318536265, 'fo_post'),
('84.227.15.236', 1318536942, 'visit:4'),
('84.227.15.236', 1318536771, 'fo_post'),
('84.227.238.63', 1318545205, 'visit:4'),
('84.227.238.63', 1318539766, 'fo_post'),
('68.34.228.203', 1318541183, 'search'),
('66.249.72.72', 1318545248, 'search'),
('66.249.71.200', 1318905384, 'search'),
('84.227.28.75', 1318548003, 'visit:4'),
('123.125.71.50', 1318550955, 'search'),
('184.19.226.101', 1318560455, 'search'),
('68.147.197.40', 1318561386, 'search'),
('71.232.147.156', 1318566780, 'search'),
('66.249.71.86', 1318868026, 'search'),
('84.227.30.41', 1318604558, 'visit:4'),
('58.175.6.55', 1318586549, 'register'),
('58.175.6.55', 1318946759, 'visit:8'),
('66.249.71.246', 1318675751, 'search'),
('66.249.71.239', 1318871933, 'search'),
('58.175.6.55', 1318603551, 'comment'),
('84.227.30.41', 1318603453, 'comment'),
('123.125.68.94', 1318660151, 'search'),
('46.115.23.71', 1318622463, 'search'),
('84.227.4.196', 1318625864, 'visit:4'),
('207.154.35.246', 1318635877, 'search'),
('70.54.88.208', 1318636151, 'search'),
('76.88.28.234', 1318637133, 'search'),
('66.249.71.107', 1318668719, 'search'),
('76.168.36.30', 1318649566, 'search'),
('74.204.154.253', 1318653626, 'search'),
('24.253.14.23', 1318659247, 'search'),
('84.227.229.118', 1318675822, 'visit:4'),
('66.249.71.87', 1318685168, 'search'),
('66.249.68.122', 1318684792, 'search'),
('87.209.75.81', 1318685056, 'search'),
('24.211.87.136', 1318689954, 'search'),
('79.112.218.61', 1318697301, 'search'),
('71.54.10.110', 1318699993, 'search'),
('79.71.90.181', 1318705200, 'search'),
('184.6.241.18', 1318725592, 'search'),
('67.174.161.30', 1318735566, 'search'),
('67.195.111.172', 1319219846, 'search'),
('180.76.5.21', 1319433340, 'search'),
('62.167.119.63', 1318769290, 'visit:4'),
('75.178.5.183', 1318769041, 'search'),
('67.195.115.46', 1319483610, 'search'),
('24.144.167.208', 1318808247, 'search'),
('68.173.145.243', 1318811550, 'search'),
('71.55.154.20', 1318816677, 'search'),
('180.76.5.11', 1319210648, 'search'),
('84.227.30.21', 1318857501, 'visit:4'),
('180.76.5.20', 1319138665, 'search'),
('180.76.5.10', 1319263198, 'search'),
('84.227.210.122', 1318875457, 'visit:4'),
('76.120.101.158', 1318900916, 'search'),
('66.249.71.45', 1319193229, 'search'),
('84.227.231.60', 1318951162, 'visit:4'),
('180.76.5.19', 1319209709, 'search'),
('85.135.190.165', 1318963273, 'search'),
('180.76.5.24', 1318965965, 'search'),
('180.76.5.27', 1319266284, 'search'),
('90.63.140.176', 1318980661, 'search'),
('128.151.88.1', 1318990741, 'search'),
('84.227.219.229', 1319035967, 'visit:4'),
('67.197.220.154', 1319016386, 'search'),
('180.76.5.12', 1319040253, 'search'),
('180.76.5.23', 1319219224, 'search'),
('165.166.131.162', 1319049526, 'search'),
('174.74.24.161', 1319089315, 'search'),
('180.76.5.25', 1319089976, 'search'),
('180.76.5.15', 1319309201, 'search'),
('84.227.194.80', 1319252777, 'visit:4'),
('68.56.138.47', 1319147264, 'search'),
('68.44.44.129', 1319237463, 'search'),
('173.2.15.113', 1319164977, 'search'),
('180.76.5.13', 1319168799, 'search'),
('180.222.19.168', 1319201390, 'search'),
('90.195.125.249', 1319215099, 'search'),
('174.71.109.159', 1319252929, 'search'),
('180.76.5.8', 1319344447, 'search'),
('90.195.167.237', 1319290359, 'search'),
('75.101.0.92', 1319323861, 'search'),
('77.125.82.218', 1319335961, 'search'),
('66.58.237.237', 1319336048, 'search'),
('68.104.217.109', 1319338550, 'search'),
('174.102.243.152', 1319345010, 'search'),
('50.132.60.55', 1319349842, 'search'),
('50.9.21.188', 1319361433, 'search'),
('80.177.8.62', 1319392637, 'search'),
('84.227.253.48', 1319580787, 'visit:4'),
('128.36.226.147', 1319401417, 'search'),
('71.34.67.177', 1319424417, 'search'),
('192.76.7.208', 1319438423, 'search'),
('81.248.181.192', 1319466670, 'search'),
('75.111.30.151', 1319484355, 'search'),
('88.104.162.179', 1319487247, 'search'),
('84.227.253.48', 1319493009, 'comment'),
('161.53.179.226', 1319493882, 'search'),
('70.52.4.88', 1319496095, 'search'),
('71.177.41.148', 1319497451, 'search'),
('71.246.193.198', 1319501176, 'search'),
('92.14.109.217', 1319551751, 'search'),
('98.71.8.43', 1319582144, 'search'),
('70.60.20.85', 1319589028, 'search'),
('98.230.89.123', 1319589435, 'search'),
('72.130.79.155', 1319596325, 'search'),
('83.163.233.151', 1319619272, 'search'),
('84.227.204.174', 1319814227, 'visit:4'),
('176.9.9.79', 1319636677, 'search'),
('89.103.141.238', 1319667216, 'search'),
('24.47.59.57', 1319670379, 'search'),
('50.99.217.162', 1319669940, 'search'),
('173.58.205.54', 1319677149, 'search'),
('98.212.75.16', 1319691140, 'search'),
('173.70.206.79', 1319747121, 'search'),
('97.93.233.141', 1319783247, 'search'),
('204.38.174.3', 1319801858, 'search'),
('50.75.161.106', 1319827660, 'search'),
('85.225.244.42', 1319829414, 'search'),
('97.84.143.15', 1319837606, 'search'),
('67.175.37.218', 1319837832, 'search'),
('70.171.24.117', 1319839007, 'search'),
('69.248.95.207', 1319842857, 'search'),
('68.205.212.186', 1319846595, 'search'),
('71.83.53.33', 1319847084, 'search'),
('67.193.202.132', 1319848406, 'search'),
('67.248.188.41', 1319892968, 'search'),
('81.106.146.151', 1319902174, 'search'),
('91.45.74.180', 1319917858, 'chan_post'),
('86.30.140.58', 1319930982, 'register'),
('75.172.67.38', 1319931632, 'search'),
('86.30.140.58', 1319932444, 'comment'),
('89.217.142.24', 1319932874, 'chan_post'),
('70.173.87.183', 1319960319, 'search'),
('178.78.227.146', 1320002440, 'search'),
('68.52.147.69', 1320004195, 'search'),
('68.63.248.141', 1320004670, 'search'),
('201.229.90.123', 1320006272, 'search'),
('132.198.41.14', 1320007160, 'search'),
('174.101.247.6', 1320013743, 'search'),
('207.74.164.254', 1320069152, 'search'),
('89.217.142.24', 1320074508, 'visit:4'),
('97.125.174.46', 1320096527, 'search'),
('98.207.123.226', 1320128334, 'search'),
('58.179.8.98', 1320133534, 'search'),
('108.34.188.205', 1320135048, 'search'),
('94.21.106.14', 1320163693, 'chan_post'),
('97.118.247.115', 1320187704, 'chan_post'),
('74.235.15.107', 1320188960, 'chan_post'),
('71.206.109.221', 1320196589, 'search'),
('174.89.65.46', 1320198141, 'search'),
('89.217.135.43', 1320237467, 'search'),
('67.190.181.198', 1320274032, 'search'),
('209.193.29.104', 1320286428, 'search'),
('108.54.23.70', 1320291421, 'chan_post'),
('123.125.71.69', 1320326213, 'search'),
('123.125.71.12', 1320326218, 'search'),
('89.217.135.43', 1320340316, 'chan_post'),
('173.88.146.35', 1320351305, 'search'),
('68.117.41.197', 1320365395, 'search'),
('97.81.176.1', 1320368229, 'chan_post'),
('89.217.135.43', 1320387292, 'visit:4'),
('98.232.144.203', 1320398481, 'search'),
('207.144.102.91', 1320448467, 'search'),
('123.125.71.109', 1320513613, 'search'),
('123.125.71.96', 1320513623, 'search'),
('123.125.71.70', 1320513625, 'search'),
('68.189.174.232', 1320538362, 'search'),
('62.167.73.181', 1320581803, 'visit:4'),
('178.164.147.238', 1320588599, 'chan_post'),
('62.47.18.148', 1320602408, 'search'),
('71.195.85.66', 1320603050, 'search'),
('87.54.33.28', 1320608960, 'search'),
('67.85.240.216', 1320638000, 'search'),
('140.182.154.4', 1320645947, 'search'),
('88.78.65.241', 1320681862, 'search'),
('74.75.9.23', 1320688912, 'search'),
('84.227.205.58', 1320697175, 'visit:4'),
('99.9.57.66', 1320727439, 'search'),
('89.173.4.117', 1320778817, 'search'),
('141.211.224.78', 1320808551, 'search'),
('75.30.149.206', 1320822725, 'search'),
('173.245.64.91', 1320830645, 'chan_post'),
('84.227.28.48', 1320843368, 'chan_post'),
('199.19.109.248', 1320869336, 'search'),
('72.46.213.15', 1320881671, 'search'),
('68.43.102.73', 1320885325, 'search'),
('78.148.78.87', 1320949854, 'search'),
('84.227.28.48', 1320968550, 'visit:4'),
('24.30.113.3', 1320996988, 'search'),
('118.90.1.55', 1321053595, 'search'),
('72.234.88.183', 1321094414, 'search'),
('84.227.28.60', 1321094509, 'comment'),
('92.249.133.154', 1321107484, 'chan_post'),
('66.27.195.69', 1321115018, 'chan_post'),
('84.227.28.60', 1321131447, 'chan_post'),
('24.19.115.124', 1321152665, 'search'),
('75.4.213.11', 1321164295, 'search'),
('98.210.2.104', 1321214094, 'search'),
('24.6.250.157', 1321216423, 'search'),
('84.227.28.60', 1321228283, 'visit:4'),
('178.164.213.60', 1321237877, 'comment'),
('24.122.250.91', 1321244410, 'search'),
('99.246.200.56', 1321264245, 'search'),
('207.46.199.47', 1321301590, 'search'),
('74.47.117.236', 1321319540, 'search'),
('123.125.71.39', 1321359331, 'search'),
('66.249.71.33', 1321365205, 'search'),
('84.227.202.207', 1321396700, 'chan_post'),
('78.14.71.103', 1321397558, 'search'),
('68.5.89.251', 1321423697, 'search'),
('66.249.66.76', 1321454438, 'search'),
('147.156.78.177', 1321460863, 'search'),
('66.249.72.40', 1321461291, 'search'),
('71.173.128.171', 1321461323, 'search'),
('66.249.66.183', 1321462835, 'search'),
('83.248.55.103', 1321465366, 'chan_post'),
('94.21.191.179', 1321470741, 'chan_post'),
('157.55.16.177', 1321473724, 'search'),
('70.185.250.28', 1321487199, 'search'),
('24.38.152.117', 1321492331, 'search'),
('50.53.149.235', 1321497306, 'search'),
('128.227.185.35', 1321508589, 'search'),
('66.249.66.65', 1321509463, 'search'),
('207.46.204.240', 1321541245, 'search'),
('207.46.204.192', 1321565504, 'search'),
('98.213.90.157', 1321568177, 'register'),
('98.213.90.157', 1321568416, 'search'),
('98.213.90.157', 1321568541, 'visit:10'),
('69.166.181.29', 1321571380, 'register'),
('200.109.37.102', 1321577631, 'search'),
('84.227.202.207', 1321583634, 'visit:4'),
('72.208.88.37', 1321588371, 'search'),
('216.160.68.48', 1321589434, 'search'),
('174.50.64.166', 1321591245, 'search'),
('81.204.246.121', 1321635169, 'search'),
('96.229.142.245', 1321646844, 'comment'),
('24.9.9.82', 1321697083, 'search'),
('207.46.13.93', 1321708981, 'search'),
('85.246.142.33', 1321717721, 'search'),
('207.46.199.50', 1321734565, 'search'),
('81.157.145.69', 1321737979, 'register'),
('81.157.145.69', 1321738224, 'search'),
('71.139.187.63', 1321754463, 'search'),
('75.74.231.0', 1321763014, 'search'),
('76.0.119.62', 1321767813, 'search'),
('180.76.5.184', 1321800489, 'search'),
('62.167.135.49', 1321806002, 'chan_post'),
('62.167.135.49', 1321836402, 'visit:4'),
('99.8.216.73', 1321840399, 'search'),
('84.236.48.49', 1321882104, 'chan_post'),
('69.132.25.200', 1321892129, 'search'),
('90.17.241.234', 1321897449, 'search'),
('207.46.204.180', 1321916113, 'search'),
('75.158.102.62', 1321917266, 'search'),
('66.249.72.199', 1321917888, 'search'),
('84.227.209.251', 1321923868, 'chan_post'),
('207.46.204.177', 1321927915, 'search'),
('98.252.181.153', 1321928313, 'search'),
('99.180.88.68', 1321929555, 'search'),
('71.38.95.163', 1321931398, 'search'),
('66.249.72.164', 1321940074, 'search'),
('121.210.122.11', 1321948338, 'search'),
('66.249.68.217', 1321964785, 'search'),
('86.151.68.241', 1321980503, 'search'),
('84.227.209.251', 1322008726, 'visit:4'),
('76.235.41.76', 1322018128, 'search'),
('24.147.121.253', 1322018407, 'search'),
('98.124.71.72', 1322066290, 'search'),
('190.95.20.198', 1322067812, 'search'),
('79.77.111.196', 1322069837, 'search'),
('71.87.170.9', 1322110273, 'search'),
('123.125.71.19', 1322118610, 'search'),
('123.125.71.34', 1322118617, 'search'),
('199.19.104.202', 1322120376, 'search'),
('121.216.246.121', 1322122798, 'search'),
('201.82.137.152', 1322152625, 'search'),
('70.94.255.246', 1322184819, 'search'),
('67.164.41.250', 1322199755, 'chan_post'),
('77.234.84.79', 1322219442, 'chan_post'),
('72.192.156.16', 1322268083, 'search'),
('184.46.8.117', 1322289986, 'search'),
('123.125.71.78', 1322291933, 'search'),
('123.125.71.60', 1322291951, 'search'),
('68.34.45.165', 1322326758, 'search'),
('84.226.136.8', 1322339840, 'chan_post'),
('99.135.88.106', 1322341852, 'search'),
('85.156.228.84', 1322358431, 'search'),
('71.210.214.247', 1322361941, 'search'),
('24.35.103.136', 1322415187, 'search'),
('184.14.165.96', 1322419296, 'search'),
('76.106.245.239', 1322436924, 'register'),
('76.106.245.239', 1322437045, 'visit:13'),
('67.170.81.213', 1322457274, 'search'),
('66.249.71.244', 1322459888, 'search'),
('95.144.153.152', 1322522342, 'chan_post'),
('75.121.93.137', 1322536223, 'search'),
('123.125.68.96', 1322546565, 'search'),
('123.125.67.136', 1322546593, 'search'),
('123.125.68.87', 1322546713, 'search'),
('123.125.67.139', 1322546816, 'search'),
('84.130.142.161', 1322595999, 'search'),
('24.108.109.92', 1322599235, 'search'),
('24.99.176.186', 1322603404, 'search'),
('24.116.42.30', 1322618118, 'search'),
('123.125.67.138', 1322635051, 'search'),
('123.125.71.104', 1322635649, 'search'),
('72.25.54.229', 1322696685, 'search'),
('72.172.200.226', 1322698593, 'register'),
('98.204.36.171', 1322704866, 'search'),
('67.204.204.189', 1322713819, 'search'),
('31.45.39.245', 1322763869, 'search'),
('89.217.137.135', 1322771308, 'visit:4'),
('75.135.85.194', 1322783915, 'search'),
('155.31.208.145', 1322802907, 'search'),
('69.111.244.234', 1322815448, 'search'),
('76.183.155.7', 1322882338, 'search'),
('92.249.133.138', 1322921602, 'chan_post'),
('76.4.214.65', 1322926736, 'search'),
('98.221.161.25', 1322946752, 'search'),
('209.193.54.194', 1322952365, 'chan_post'),
('70.31.72.90', 1322952777, 'search'),
('99.59.6.79', 1322963273, 'search'),
('24.252.64.253', 1322970369, 'search'),
('99.47.8.106', 1322986513, 'search'),
('62.167.96.153', 1323029178, 'chan_post'),
('66.249.72.202', 1323030567, 'search'),
('81.237.247.253', 1323031353, 'search'),
('68.2.60.190', 1323066130, 'search'),
('62.167.96.153', 1323091790, 'visit:4'),
('190.226.215.89', 1323104899, 'search'),
('123.125.68.90', 1323139041, 'search'),
('123.125.67.203', 1323139054, 'search'),
('125.39.78.171', 1323139082, 'search'),
('123.125.67.204', 1323139101, 'search'),
('125.39.78.177', 1323139111, 'search'),
('74.125.156.90', 1323158163, 'search'),
('123.125.71.75', 1323175822, 'search'),
('72.213.201.127', 1323206742, 'search'),
('38.118.23.20', 1323246963, 'search'),
('212.117.96.98', 1323265596, 'search'),
('72.230.176.180', 1323267397, 'search'),
('24.126.232.201', 1323269125, 'register'),
('24.126.232.201', 1323269576, 'search'),
('94.21.191.189', 1323285953, 'chan_post'),
('84.227.18.99', 1323300311, 'visit:4'),
('98.86.40.32', 1323301357, 'search'),
('68.226.116.127', 1323305440, 'search'),
('125.39.78.178', 1323317957, 'search'),
('125.39.78.175', 1323318012, 'search'),
('123.125.67.205', 1323318028, 'search'),
('123.125.68.91', 1323318040, 'search'),
('123.125.68.97', 1323318045, 'search'),
('125.39.78.174', 1323318056, 'search'),
('123.125.68.93', 1323318073, 'search'),
('123.125.68.92', 1323318096, 'search'),
('123.125.67.202', 1323318113, 'search'),
('125.39.78.172', 1323318157, 'search'),
('125.39.78.167', 1323318169, 'search'),
('144.80.185.57', 1323330318, 'search'),
('109.152.47.152', 1323369985, 'search'),
('123.125.71.90', 1323394557, 'search'),
('66.219.58.41', 1323398805, 'search'),
('97.100.40.188', 1323399496, 'search'),
('69.118.93.1', 1323412612, 'search'),
('184.155.78.31', 1323419334, 'search'),
('62.167.89.184', 1323461349, 'visit:4'),
('188.77.227.117', 1323462916, 'search'),
('209.85.224.82', 1323474196, 'search'),
('96.226.70.118', 1323486626, 'search'),
('84.227.17.45', 1323506247, 'visit:4'),
('62.167.148.92', 1323517832, 'visit:4'),
('91.45.68.36', 1323550412, 'chan_post'),
('24.18.198.211', 1323551150, 'search'),
('24.18.198.211', 1323551230, 'register'),
('24.18.194.233', 1323552071, 'search'),
('24.30.87.4', 1323554912, 'search'),
('76.115.148.178', 1323565974, 'search'),
('108.46.99.13', 1323569185, 'chan_post'),
('80.187.97.57', 1323570185, 'chan_post'),
('70.94.27.19', 1323582269, 'search'),
('123.125.71.41', 1323589013, 'search'),
('66.249.72.19', 1323591819, 'search'),
('74.233.113.44', 1323619584, 'search'),
('119.63.196.62', 1323633238, 'search'),
('62.167.96.55', 1323730131, 'chan_post'),
('62.167.96.55', 1323730606, 'visit:4'),
('71.72.165.85', 1323734099, 'register'),
('71.72.165.85', 1323734158, 'search'),
('24.150.188.210', 1323738007, 'search'),
('66.26.112.43', 1323745263, 'search'),
('71.180.189.80', 1323782171, 'search'),
('91.45.84.56', 1323783012, 'chan_post'),
('91.45.69.21', 1323783431, 'chan_post'),
('108.46.100.126', 1323800354, 'chan_post'),
('173.65.240.180', 1323810389, 'search'),
('24.62.115.152', 1323812203, 'search'),
('84.227.30.78', 1323812774, 'chan_post'),
('84.227.30.78', 1323812775, 'visit:4'),
('71.72.165.85', 1323819303, 'visit:17'),
('80.187.96.93', 1323823088, 'chan_post'),
('184.36.174.95', 1323830364, 'search'),
('74.111.11.3', 1323848043, 'search'),
('91.45.73.6', 1323868435, 'chan_post'),
('123.125.71.30', 1323925539, 'search'),
('123.125.71.99', 1323925544, 'search'),
('123.125.71.14', 1323925551, 'search'),
('123.125.71.24', 1323925553, 'search'),
('91.45.81.154', 1323942497, 'chan_post'),
('91.45.79.155', 1323943069, 'chan_post'),
('91.45.74.3', 1323943532, 'chan_post'),
('91.45.78.121', 1323944901, 'chan_post'),
('91.45.75.141', 1323946382, 'chan_post'),
('91.45.87.139', 1323947992, 'chan_post'),
('91.45.68.84', 1323950330, 'chan_post'),
('91.45.65.40', 1323951744, 'chan_post'),
('91.45.64.193', 1323953236, 'chan_post'),
('174.100.168.226', 1323974979, 'chan_post'),
('123.125.71.81', 1323975605, 'search'),
('84.226.167.238', 1323983329, 'chan_post'),
('108.15.108.219', 1323983751, 'search'),
('84.226.167.238', 1323985114, 'visit:4'),
('84.227.0.90', 1323988089, 'chan_post'),
('84.227.0.90', 1323988274, 'visit:4'),
('68.28.179.116', 1323990337, 'search'),
('84.226.128.253', 1323990627, 'chan_post'),
('84.226.128.253', 1323996364, 'visit:4'),
('97.81.165.37', 1324001344, 'chan_post'),
('174.101.142.166', 1324014298, 'search'),
('50.89.116.147', 1324014393, 'search'),
('188.143.79.243', 1324037909, 'chan_post'),
('193.72.72.155', 1324053888, 'search'),
('91.45.73.114', 1324058623, 'chan_post'),
('67.191.183.121', 1324065040, 'search'),
('84.84.73.17', 1324065932, 'search'),
('46.207.41.8', 1324066985, 'search'),
('84.227.181.129', 1324074036, 'visit:4'),
('84.227.12.28', 1324075057, 'visit:4'),
('84.227.19.70', 1324114653, 'chan_post'),
('123.125.71.54', 1324124532, 'search'),
('123.125.71.82', 1324124534, 'search'),
('123.125.71.111', 1324124538, 'search'),
('123.125.71.85', 1324124548, 'search'),
('84.227.19.70', 1324130242, 'visit:4'),
('91.226.165.164', 1324144570, 'chan_post'),
('95.151.27.68', 1324145146, 'chan_post'),
('92.4.208.253', 1324147754, 'chan_post'),
('222.186.17.99', 1324148943, 'chan_post'),
('97.118.235.112', 1324155246, 'search'),
('71.236.0.201', 1324158861, 'search'),
('109.77.198.41', 1324160266, 'chan_post'),
('91.45.84.130', 1324166913, 'chan_post'),
('8.8.203.202', 1324187874, 'search'),
('74.184.30.184', 1324200416, 'search'),
('62.167.109.156', 1324218268, 'chan_post'),
('62.167.109.156', 1324223415, 'visit:4'),
('98.220.163.122', 1324234211, 'search'),
('91.45.78.134', 1324241166, 'chan_post'),
('67.159.36.22', 1324242501, 'chan_post'),
('66.90.73.223', 1324243358, 'chan_post'),
('95.144.153.112', 1324246146, 'chan_post'),
('91.45.67.63', 1324247255, 'chan_post'),
('99.46.42.212', 1324253916, 'search'),
('80.187.96.114', 1324258015, 'chan_post'),
('50.18.147.105', 1324262768, 'search'),
('173.88.156.113', 1324263863, 'search'),
('70.114.17.41', 1324270045, 'search'),
('108.54.18.29', 1324270313, 'chan_post'),
('71.97.52.91', 1324270962, 'chan_post'),
('69.4.55.31', 1324272548, 'chan_post'),
('188.143.232.20', 1324273116, 'chan_post'),
('58.175.4.94', 1324275821, 'comment'),
('91.45.71.224', 1324305304, 'chan_post'),
('216.121.147.78', 1324314603, 'search'),
('24.7.194.137', 1324318521, 'search'),
('174.100.163.73', 1324319193, 'chan_post'),
('91.45.65.1', 1324319404, 'chan_post'),
('91.45.64.140', 1324326709, 'chan_post'),
('24.126.232.201', 1324332211, 'visit:15'),
('194.230.155.29', 1324342952, 'chan_post'),
('68.2.168.42', 1324346153, 'register'),
('209.112.196.86', 1324350170, 'chan_post'),
('108.46.109.180', 1324360861, 'chan_post'),
('108.66.205.197', 1324364602, 'search'),
('194.230.155.29', 1324369086, 'visit:4'),
('94.168.5.148', 1324393291, 'chan_post'),
('84.226.187.85', 1324405315, 'chan_post'),
('94.222.140.66', 1324406313, 'search'),
('91.45.68.179', 1324406646, 'chan_post'),
('85.71.145.55', 1324406693, 'search'),
('75.22.34.252', 1324410830, 'search'),
('84.226.187.85', 1324416538, 'visit:4'),
('98.178.195.192', 1324419739, 'chan_post'),
('70.27.85.108', 1324437984, 'search'),
('67.174.188.135', 1324439763, 'chan_post'),
('180.76.5.154', 1324442070, 'search'),
('50.98.237.109', 1324445507, 'chan_post'),
('194.230.155.24', 1324476910, 'chan_post'),
('123.125.71.38', 1324479700, 'search'),
('91.45.83.129', 1324484334, 'chan_post'),
('189.110.193.204', 1324489305, 'chan_post'),
('91.45.85.232', 1324490982, 'chan_post'),
('93.1.109.32', 1324491433, 'search'),
('208.107.186.77', 1324497170, 'search'),
('95.34.29.133', 1324498361, 'search'),
('180.76.5.189', 1324504200, 'search'),
('76.25.197.169', 1324508449, 'search'),
('76.25.197.169', 1324508467, 'search'),
('84.227.195.141', 1324509306, 'chan_post'),
('84.227.195.141', 1324509400, 'visit:4'),
('68.52.144.19', 1324517576, 'register'),
('68.52.144.19', 1324517593, 'visit:19'),
('66.249.66.133', 1324523246, 'search'),
('189.107.80.135', 1324536924, 'chan_post'),
('66.249.66.26', 1324553327, 'search'),
('80.221.56.236', 1324558444, 'chan_post'),
('66.249.66.75', 1324559945, 'search'),
('80.187.96.170', 1324565733, 'chan_post'),
('31.99.246.31', 1324565819, 'chan_post'),
('65.60.207.191', 1324576874, 'search'),
('90.217.194.89', 1324583658, 'chan_post'),
('109.78.224.133', 1324584503, 'chan_post'),
('180.76.5.57', 1324588169, 'search'),
('180.76.5.58', 1324593401, 'search'),
('62.167.120.3', 1324600824, 'chan_post'),
('98.211.24.12', 1324606959, 'register'),
('98.211.24.12', 1324608823, 'visit:20'),
('189.82.69.47', 1324609284, 'search'),
('99.19.81.108', 1324612887, 'search'),
('76.31.23.180', 1324624335, 'search'),
('194.230.155.25', 1324627754, 'chan_post'),
('31.97.91.32', 1324643760, 'chan_post'),
('62.167.120.3', 1324650889, 'visit:4'),
('108.54.24.27', 1324651597, 'chan_post'),
('180.76.5.195', 1324654557, 'search'),
('94.21.106.50', 1324655068, 'chan_post'),
('76.72.167.163', 1324656834, 'search'),
('91.45.64.130', 1324656890, 'chan_post'),
('91.45.64.96', 1324660217, 'chan_post'),
('93.107.27.146', 1324670552, 'chan_post'),
('89.217.158.242', 1324673396, 'chan_post'),
('189.107.37.89', 1324673621, 'chan_post'),
('89.217.158.242', 1324673724, 'visit:4'),
('91.45.82.247', 1324674339, 'chan_post'),
('84.227.243.183', 1324674555, 'chan_post'),
('97.73.64.145', 1324675980, 'search'),
('83.83.160.2', 1324677392, 'search'),
('67.184.60.165', 1324707265, 'search'),
('84.227.11.156', 1324728787, 'chan_post'),
('84.227.11.156', 1324728829, 'visit:4'),
('91.45.79.231', 1324731369, 'chan_post'),
('89.217.128.136', 1324731594, 'chan_post'),
('89.217.128.136', 1324740596, 'visit:4'),
('97.118.235.112', 1324743466, 'chan_post'),
('194.230.155.15', 1324752100, 'chan_post'),
('194.230.155.15', 1324752115, 'visit:4'),
('72.145.202.150', 1324757013, 'search'),
('91.45.89.227', 1324757964, 'chan_post'),
('216.67.76.182', 1324760293, 'chan_post'),
('109.77.165.218', 1324764954, 'chan_post'),
('84.227.3.181', 1324766883, 'chan_post'),
('212.113.47.89', 1324767832, 'search'),
('95.151.27.119', 1324770438, 'chan_post'),
('84.227.3.181', 1324772904, 'visit:4'),
('189.82.116.143', 1324773967, 'search'),
('123.125.71.74', 1324786058, 'search'),
('93.79.185.35', 1324801362, 'chan_post'),
('74.125.78.91', 1324804024, 'search'),
('62.167.89.76', 1324807089, 'visit:4'),
('84.227.30.165', 1324817860, 'chan_post'),
('216.67.74.134', 1324825621, 'chan_post'),
('98.166.91.63', 1324826815, 'search'),
('91.45.82.229', 1324834451, 'chan_post'),
('69.139.47.71', 1324844205, 'search'),
('71.95.185.111', 1324844275, 'chan_post'),
('207.46.13.145', 1324854288, 'search'),
('72.51.164.234', 1324855186, 'search'),
('178.85.161.122', 1324858639, 'search'),
('108.65.164.244', 1324859191, 'search'),
('90.217.69.189', 1324862743, 'search'),
('97.118.201.106', 1324878204, 'chan_post'),
('108.54.25.27', 1324878688, 'chan_post'),
('180.76.5.140', 1324882630, 'search'),
('180.76.5.147', 1324886194, 'search'),
('91.45.78.30', 1324907444, 'chan_post'),
('91.45.65.144', 1324908065, 'chan_post'),
('91.45.67.83', 1324911454, 'chan_post'),
('91.45.66.66', 1324914487, 'chan_post'),
('86.154.238.56', 1324918237, 'search'),
('91.45.72.60', 1324929367, 'chan_post'),
('157.55.16.57', 1324932043, 'search'),
('173.245.64.30', 1324942653, 'chan_post'),
('180.76.5.188', 1324943303, 'search'),
('123.125.71.88', 1324954062, 'search'),
('123.125.71.91', 1324954067, 'search'),
('123.125.71.84', 1324954074, 'search'),
('123.125.71.56', 1324954076, 'search'),
('123.125.71.108', 1324965947, 'search'),
('75.71.26.241', 1324980652, 'search'),
('91.45.82.207', 1324987412, 'chan_post'),
('24.19.186.116', 1324988730, 'search'),
('91.45.90.93', 1325005021, 'chan_post'),
('91.45.68.87', 1325005575, 'chan_post'),
('68.60.179.23', 1325013405, 'search'),
('180.76.5.95', 1325016568, 'search'),
('174.100.161.122', 1325019055, 'chan_post'),
('76.95.30.174', 1325019464, 'search'),
('80.187.97.68', 1325021013, 'chan_post'),
('109.77.124.65', 1325025872, 'chan_post'),
('97.118.228.40', 1325032160, 'chan_post'),
('180.76.5.169', 1325036977, 'search'),
('71.211.47.94', 1325040162, 'chan_post'),
('64.92.138.33', 1325041476, 'search'),
('86.126.5.103', 1325042291, 'chan_post'),
('173.57.44.56', 1325043973, 'search'),
('109.232.87.247', 1325067668, 'chan_post'),
('188.27.106.208', 1325080032, 'chan_post'),
('91.45.73.128', 1325082168, 'chan_post'),
('180.76.5.103', 1325082442, 'search'),
('94.145.43.46', 1325082824, 'chan_post'),
('180.76.5.187', 1325085088, 'search'),
('91.45.70.220', 1325086016, 'chan_post'),
('98.114.191.221', 1325086347, 'search'),
('180.76.5.141', 1325086418, 'search'),
('90.217.69.189', 1325093991, 'chan_post'),
('180.76.5.63', 1325094359, 'search'),
('91.45.88.35', 1325096554, 'chan_post'),
('90.217.69.189', 1325098165, 'visit:9'),
('62.167.116.191', 1325099632, 'chan_post'),
('62.167.116.191', 1325108753, 'visit:4'),
('200.125.83.185', 1325110562, 'search'),
('91.45.76.139', 1325110926, 'chan_post'),
('46.251.237.242', 1325112165, 'chan_post'),
('68.121.247.20', 1325112365, 'search'),
('24.116.155.72', 1325113597, 'search'),
('123.125.68.95', 1325121775, 'search'),
('108.54.18.156', 1325138890, 'chan_post'),
('180.76.5.139', 1325144841, 'search'),
('77.79.7.191', 1325164698, 'chan_post'),
('149.3.139.58', 1325167083, 'chan_post'),
('188.138.48.235', 1325176088, 'search'),
('174.100.176.41', 1325187800, 'chan_post'),
('92.234.170.162', 1325187852, 'chan_post'),
('84.227.15.116', 1325189824, 'chan_post'),
('84.227.15.116', 1325189825, 'visit:4'),
('94.21.191.85', 1325196877, 'chan_post'),
('188.143.232.174', 1325201405, 'chan_post'),
('97.118.237.229', 1325206104, 'chan_post'),
('114.32.109.44', 1325220407, 'search'),
('180.76.6.225', 1325220551, 'search'),
('74.240.102.55', 1325226074, 'search'),
('180.76.5.59', 1325238594, 'search'),
('180.76.5.166', 1325243176, 'search'),
('66.249.72.214', 1325249497, 'search'),
('180.76.5.194', 1325272143, 'search'),
('174.255.65.118', 1325273528, 'chan_post'),
('70.127.93.45', 1325280713, 'chan_post'),
('180.76.5.54', 1325282224, 'search'),
('80.211.60.21', 1325284604, 'chan_post'),
('94.21.191.107', 1325333881, 'chan_post'),
('97.118.208.51', 1325345881, 'chan_post'),
('98.220.94.172', 1325348216, 'search'),
('91.45.82.51', 1325361427, 'chan_post'),
('97.91.105.60', 1325368589, 'search'),
('62.167.71.187', 1325373535, 'chan_post'),
('62.167.71.187', 1325375747, 'visit:4'),
('91.45.70.221', 1325375934, 'chan_post'),
('93.107.23.179', 1325378917, 'chan_post'),
('76.72.167.162', 1325389208, 'search'),
('110.164.3.166', 1325392542, 'comment'),
('109.234.207.55', 1325393212, 'comment'),
('213.186.122.27', 1325397937, 'comment'),
('110.164.3.181', 1325398984, 'comment'),
('107.22.40.76', 1325399018, 'search'),
('77.248.48.35', 1325401220, 'search'),
('195.251.96.5', 1325401451, 'comment'),
('203.157.159.2', 1325403861, 'comment'),
('111.116.87.238', 1325409255, 'comment'),
('195.77.36.231', 1325409318, 'search'),
('177.34.179.17', 1325414210, 'comment'),
('107.20.218.76', 1325414244, 'search'),
('173.53.35.178', 1325414785, 'comment'),
('178.63.26.42', 1325414799, 'search'),
('41.190.16.17', 1325415450, 'comment'),
('222.124.207.165', 1325417195, 'comment'),
('116.50.160.14', 1325420287, 'comment'),
('208.71.63.119', 1325424719, 'comment'),
('213.56.79.109', 1325424732, 'search'),
('209.118.181.20', 1325427142, 'comment'),
('173.237.191.38', 1325427158, 'search'),
('109.230.216.60', 1325429903, 'comment'),
('109.230.216.60', 1325429904, 'search'),
('50.16.216.2', 1325429916, 'comment'),
('194.151.222.130', 1325429928, 'search'),
('121.175.12.26', 1325433509, 'comment'),
('114.198.233.50', 1325436431, 'comment'),
('208.186.134.105', 1325436458, 'search'),
('202.105.113.132', 1325436985, 'comment'),
('109.230.216.225', 1325438100, 'comment'),
('93.186.104.37', 1325439000, 'comment'),
('84.227.26.164', 1325441762, 'visit:4'),
('110.164.3.165', 1325443525, 'comment'),
('180.76.5.192', 1325447535, 'search'),
('174.252.216.226', 1325450498, 'chan_post'),
('108.54.18.69', 1325451137, 'chan_post'),
('211.151.35.100', 1325451209, 'comment'),
('57.90.36.29', 1325451228, 'search'),
('196.43.97.83', 1325451412, 'comment'),
('24.34.36.139', 1325459865, 'search'),
('66.249.71.25', 1325460436, 'search'),
('92.41.18.190', 1325460964, 'search'),
('173.57.184.172', 1325462615, 'chan_post'),
('71.141.249.62', 1325462960, 'search'),
('119.63.196.59', 1325463311, 'search'),
('184.38.62.228', 1325463855, 'search'),
('180.76.6.20', 1325469743, 'search'),
('68.201.88.70', 1325488349, 'search'),
('189.110.187.26', 1325492105, 'chan_post'),
('194.230.155.23', 1325497983, 'chan_post'),
('194.230.155.23', 1325498739, 'visit:4'),
('66.249.71.203', 1325499446, 'search'),
('80.187.96.103', 1325505957, 'chan_post'),
('89.217.153.159', 1325506545, 'chan_post'),
('89.217.153.159', 1325513490, 'visit:4'),
('92.253.42.34', 1325523076, 'search'),
('91.45.90.140', 1325524408, 'chan_post'),
('94.169.229.27', 1325538807, 'search'),
('109.76.155.37', 1325548387, 'chan_post'),
('188.17.176.193', 1325549731, 'chan_post'),
('119.63.196.124', 1325562167, 'search'),
('180.76.6.232', 1325572581, 'search'),
('92.80.136.247', 1325577871, 'search'),
('119.63.196.96', 1325578826, 'search'),
('85.8.28.202', 1325580791, 'search'),
('180.76.5.48', 1325599473, 'search'),
('68.2.70.152', 1325611882, 'search'),
('91.45.78.235', 1325612660, 'chan_post'),
('75.83.52.48', 1325622121, 'search'),
('188.183.213.200', 1325630133, 'search'),
('24.170.207.18', 1325632557, 'search'),
('109.78.241.95', 1325639565, 'chan_post'),
('62.167.100.207', 1325640568, 'chan_post'),
('24.184.92.134', 1325644452, 'search'),
('180.76.5.186', 1325647363, 'search'),
('66.249.71.229', 1325647780, 'search'),
('62.167.100.207', 1325664029, 'visit:4'),
('66.219.58.44', 1325671475, 'search'),
('91.45.69.61', 1325686453, 'chan_post'),
('84.226.176.65', 1325691149, 'chan_post'),
('84.226.176.65', 1325691163, 'visit:4'),
('84.227.162.222', 1325691841, 'chan_post'),
('84.227.162.222', 1325691900, 'visit:4'),
('91.45.64.25', 1325694149, 'chan_post'),
('205.133.129.103', 1325695298, 'chan_post'),
('123.125.68.83', 1325703022, 'search'),
('91.45.73.45', 1325703035, 'chan_post'),
('91.45.71.109', 1325704482, 'chan_post'),
('84.227.21.102', 1325717771, 'chan_post'),
('84.227.21.102', 1325719311, 'visit:4'),
('76.116.197.126', 1325723107, 'search'),
('71.191.7.182', 1325728451, 'search'),
('97.124.174.129', 1325736276, 'register'),
('218.188.16.142', 1325738117, 'chan_post'),
('207.46.204.232', 1325745579, 'search'),
('108.46.96.228', 1325746081, 'chan_post'),
('62.167.211.186', 1325758114, 'chan_post'),
('62.167.211.186', 1325764539, 'visit:4'),
('123.125.71.42', 1325769635, 'search'),
('123.125.71.105', 1325769651, 'search'),
('123.125.71.106', 1325769655, 'search'),
('202.164.192.210', 1325771120, 'search'),
('97.118.232.184', 1325780357, 'chan_post'),
('91.45.81.33', 1325783162, 'chan_post'),
('64.184.10.150', 1325797316, 'search'),
('92.249.170.11', 1325809142, 'register'),
('92.249.170.11', 1325810303, 'visit:22'),
('148.245.61.88', 1325817195, 'chan_post'),
('65.52.110.16', 1325823579, 'search'),
('207.46.13.98', 1325828800, 'search'),
('207.46.199.37', 1325829253, 'search'),
('178.39.226.75', 1325836482, 'chan_post'),
('193.72.72.155', 1325863638, 'chan_post'),
('193.72.72.155', 1325863805, 'visit:4'),
('65.52.109.26', 1325864271, 'search'),
('92.249.170.11', 1325872591, 'chan_post'),
('194.230.155.31', 1325872749, 'chan_post'),
('178.39.226.75', 1325874938, 'visit:4'),
('99.30.164.168', 1325880964, 'chan_post'),
('91.45.88.116', 1325883985, 'chan_post'),
('180.76.5.87', 1325884984, 'search'),
('91.45.67.17', 1325887272, 'chan_post'),
('66.249.71.209', 1325887774, 'search'),
('216.55.169.159', 1325895110, 'search'),
('99.28.8.117', 1325904263, 'search'),
('207.46.195.237', 1325904708, 'search'),
('68.53.161.10', 1325911373, 'chan_post'),
('98.232.159.148', 1325914653, 'search'),
('62.167.204.136', 1325935432, 'chan_post'),
('176.9.51.208', 1325935900, 'search'),
('84.158.150.48', 1325938522, 'search'),
('124.158.196.30', 1325945689, 'chan_post'),
('62.167.204.136', 1325948187, 'visit:4'),
('84.227.238.167', 1325952380, 'chan_post'),
('84.227.238.167', 1325952381, 'visit:4'),
('207.46.13.144', 1325957982, 'search'),
('93.107.82.212', 1325962891, 'chan_post'),
('180.76.5.153', 1325967584, 'search'),
('96.252.165.106', 1325967763, 'chan_post'),
('62.199.244.87', 1325968631, 'search'),
('91.45.82.122', 1325973486, 'chan_post'),
('71.80.79.109', 1325987310, 'search'),
('97.73.64.154', 1325991527, 'search'),
('65.188.152.101', 1325992274, 'search'),
('67.87.63.90', 1325997858, 'search'),
('76.123.241.229', 1326036844, 'chan_post'),
('123.125.71.26', 1326037123, 'search'),
('123.125.71.87', 1326037125, 'search'),
('123.125.71.22', 1326037139, 'search'),
('123.125.71.35', 1326037149, 'search'),
('89.217.131.192', 1326046472, 'chan_post'),
('89.217.131.192', 1326046870, 'visit:4'),
('91.45.80.219', 1326048340, 'chan_post'),
('91.45.85.144', 1326051183, 'chan_post'),
('91.45.64.80', 1326053336, 'chan_post'),
('76.64.163.11', 1326059762, 'search'),
('109.76.183.120', 1326059834, 'chan_post'),
('89.217.132.40', 1326064533, 'chan_post'),
('81.145.129.116', 1326065264, 'chan_post'),
('188.27.106.14', 1326065700, 'chan_post'),
('89.217.132.40', 1326068030, 'visit:4'),
('108.54.24.94', 1326086976, 'chan_post'),
('194.230.155.11', 1326098361, 'chan_post'),
('91.45.78.80', 1326120254, 'chan_post'),
('91.45.68.29', 1326122256, 'chan_post'),
('91.45.68.209', 1326138715, 'chan_post'),
('70.104.31.87', 1326143068, 'chan_post'),
('180.76.5.160', 1326146164, 'search'),
('84.226.166.44', 1326153769, 'chan_post'),
('84.226.166.44', 1326153777, 'visit:4'),
('109.77.128.199', 1326154054, 'chan_post'),
('108.46.108.119', 1326159144, 'chan_post'),
('174.1.232.172', 1326164634, 'chan_post'),
('125.39.78.168', 1326199841, 'search'),
('143.65.196.20', 1326207199, 'chan_post'),
('84.227.27.91', 1326213200, 'visit:4'),
('143.65.196.20', 1326213597, 'visit:9'),
('91.45.88.27', 1326216332, 'chan_post'),
('80.221.45.234', 1326225919, 'chan_post'),
('178.102.49.57', 1326229850, 'visit:9'),
('109.77.97.215', 1326230927, 'chan_post'),
('173.18.150.56', 1326242938, 'search'),
('65.52.104.90', 1326245181, 'search'),
('66.219.58.45', 1326259331, 'search'),
('174.7.83.81', 1326265494, 'register'),
('174.7.83.81', 1326265661, 'visit:23'),
('207.46.13.143', 1326268646, 'search'),
('157.55.16.229', 1326287727, 'search'),
('123.125.71.114', 1326288011, 'search'),
('123.125.71.115', 1326288013, 'search'),
('123.125.71.112', 1326288015, 'search'),
('125.39.78.176', 1326293304, 'search'),
('125.39.78.169', 1326293310, 'search'),
('149.254.51.12', 1326298908, 'visit:9'),
('180.76.5.138', 1326299134, 'search'),
('72.12.124.26', 1326301494, 'chan_post'),
('83.143.133.4', 1326301689, 'search'),
('65.52.110.201', 1326308693, 'search'),
('81.174.247.151', 1326316660, 'visit:7'),
('93.107.25.218', 1326317798, 'chan_post'),
('91.45.68.33', 1326318204, 'chan_post'),
('66.249.72.34', 1326322625, 'search'),
('207.46.192.47', 1326324875, 'search'),
('96.52.251.47', 1326329133, 'search'),
('216.67.3.211', 1326335500, 'chan_post'),
('91.224.247.84', 1326345068, 'chan_post'),
('176.8.88.58', 1326351097, 'chan_post'),
('66.249.72.196', 1326366103, 'search'),
('216.96.227.166', 1326381015, 'chan_post'),
('189.110.197.214', 1326385633, 'chan_post'),
('66.249.72.231', 1326386703, 'search'),
('99.8.38.202', 1326386731, 'chan_post'),
('97.118.239.161', 1326389020, 'chan_post'),
('83.143.133.2', 1326391662, 'search'),
('66.249.66.51', 1326393018, 'search'),
('189.110.223.182', 1326399173, 'chan_post'),
('98.83.186.210', 1326399436, 'chan_post'),
('70.26.97.157', 1326405220, 'search'),
('109.76.131.63', 1326407407, 'chan_post'),
('180.76.5.182', 1326415365, 'search'),
('69.166.181.29', 1326431797, 'visit:11'),
('180.76.5.173', 1326463810, 'search'),
('209.144.63.76', 1326465141, 'chan_post'),
('62.167.99.240', 1326469578, 'chan_post'),
('62.167.99.240', 1326469651, 'visit:4'),
('188.222.27.214', 1326471825, 'chan_post'),
('91.45.67.124', 1326480789, 'chan_post'),
('109.77.182.31', 1326491129, 'chan_post'),
('85.238.80.165', 1326492965, 'chan_post'),
('174.50.225.144', 1326509267, 'chan_post'),
('94.181.142.242', 1326513420, 'chan_post'),
('66.249.71.130', 1326527847, 'search'),
('79.173.236.140', 1326533882, 'search'),
('66.249.71.57', 1326541339, 'search'),
('134.226.56.7', 1326550026, 'chan_post'),
('72.95.221.210', 1326558768, 'search'),
('95.144.152.116', 1326570211, 'chan_post'),
('180.76.5.177', 1326572284, 'search'),
('77.65.48.239', 1326591378, 'chan_post'),
('188.227.177.2', 1326592518, 'chan_post'),
('58.175.4.94', 1326595099, 'visit:8'),
('180.76.5.142', 1326599385, 'search'),
('173.174.170.30', 1326603627, 'search'),
('63.82.222.97', 1326606767, 'search'),
('180.76.5.168', 1326625230, 'search'),
('66.249.72.153', 1326626076, 'search'),
('93.183.200.35', 1326661254, 'search'),
('180.76.5.144', 1326661939, 'search'),
('109.76.167.174', 1326667189, 'chan_post'),
('91.45.67.159', 1326667657, 'chan_post'),
('108.54.27.112', 1326679819, 'chan_post'),
('123.125.71.23', 1326687616, 'search'),
('180.76.5.97', 1326694279, 'search'),
('180.76.6.28', 1326702463, 'search'),
('207.46.199.44', 1326711801, 'search'),
('180.76.5.53', 1326722315, 'search'),
('174.100.164.84', 1326732407, 'chan_post'),
('93.182.132.103', 1326778425, 'chan_post'),
('207.46.13.96', 1326786893, 'search'),
('123.125.71.101', 1326787964, 'search'),
('123.125.71.32', 1326787967, 'search'),
('123.125.71.110', 1326787969, 'search'),
('123.125.71.117', 1326787971, 'search'),
('123.125.71.80', 1326787976, 'search'),
('123.125.71.97', 1326787978, 'search'),
('123.125.71.107', 1326787980, 'search'),
('123.125.71.27', 1326787983, 'search'),
('123.125.71.29', 1326787987, 'search'),
('123.125.71.102', 1326787990, 'search'),
('123.125.71.36', 1326787997, 'search'),
('123.125.71.95', 1326788001, 'search'),
('123.125.71.15', 1326788003, 'search'),
('123.125.71.18', 1326788006, 'search'),
('157.55.17.201', 1326805419, 'search'),
('187.126.112.40', 1326823343, 'search'),
('157.55.39.89', 1326826266, 'search'),
('74.59.247.61', 1326826344, 'search'),
('66.249.66.66', 1326829738, 'search'),
('91.45.68.125', 1326830056, 'chan_post'),
('83.143.133.5', 1326842990, 'search'),
('66.249.72.176', 1326845415, 'search'),
('66.249.66.91', 1326845833, 'search'),
('157.55.16.221', 1326845882, 'search'),
('109.76.239.211', 1326846108, 'chan_post'),
('80.187.110.156', 1326847459, 'chan_post'),
('89.252.58.228', 1326851126, 'chan_post'),
('66.249.66.237', 1326855322, 'search'),
('108.54.19.47', 1326859443, 'chan_post'),
('180.76.5.89', 1326895094, 'search'),
('91.45.78.18', 1326917989, 'chan_post'),
('108.54.23.117', 1326936317, 'chan_post'),
('76.169.220.38', 1326953203, 'chan_post'),
('180.76.5.163', 1326968695, 'search'),
('50.97.216.2', 1326970267, 'chan_post'),
('119.63.196.61', 1326992046, 'search'),
('65.32.109.80', 1326992607, 'search'),
('180.76.5.62', 1327001658, 'search'),
('91.45.81.170', 1327002132, 'chan_post'),
('66.219.58.42', 1327006920, 'search'),
('95.144.157.141', 1327007956, 'chan_post'),
('99.10.193.155', 1327017191, 'search'),
('119.63.196.60', 1327030047, 'search'),
('108.46.107.135', 1327031376, 'chan_post'),
('184.73.9.68', 1327031865, 'search'),
('91.210.105.229', 1327050196, 'chan_post'),
('119.63.196.29', 1327061257, 'search'),
('50.23.107.74', 1327069870, 'chan_post'),
('24.62.254.174', 1327083557, 'search'),
('65.52.104.26', 1327088346, 'search'),
('119.63.196.31', 1327088688, 'search'),
('24.2.227.145', 1327090231, 'search'),
('119.63.196.92', 1327097105, 'search'),
('108.54.17.14', 1327100057, 'chan_post'),
('96.229.142.245', 1327102471, 'search'),
('91.45.81.72', 1327103441, 'chan_post'),
('117.21.225.66', 1327106485, 'chan_post'),
('74.139.168.90', 1327136067, 'chan_post'),
('209.121.148.191', 1327137720, 'search'),
('87.250.253.242', 1327143305, 'search'),
('91.45.89.67', 1327149299, 'chan_post'),
('94.21.44.47', 1327150742, 'chan_post'),
('97.118.208.203', 1327159700, 'chan_post'),
('65.52.108.198', 1327163501, 'search'),
('91.45.79.97', 1327177738, 'chan_post'),
('180.76.5.167', 1327188379, 'search'),
('180.76.5.179', 1327190575, 'search'),
('180.76.5.52', 1327193028, 'search'),
('80.243.191.114', 1327200395, 'chan_post'),
('108.54.24.188', 1327204625, 'chan_post'),
('46.4.148.156', 1327205628, 'search'),
('31.178.7.2', 1327213140, 'comment'),
('180.76.5.50', 1327222180, 'search'),
('95.144.158.247', 1327223136, 'chan_post'),
('66.249.67.38', 1327233595, 'search'),
('66.249.67.13', 1327241288, 'search'),
('207.46.199.49', 1327257588, 'search'),
('180.76.5.56', 1327280436, 'search'),
('180.76.6.213', 1327280667, 'search'),
('108.46.106.42', 1327281296, 'chan_post'),
('180.76.5.162', 1327284335, 'search'),
('180.76.5.158', 1327306986, 'search'),
('180.76.5.185', 1327308204, 'search'),
('65.52.110.146', 1327308286, 'search'),
('199.19.107.192', 1327310008, 'chan_post'),
('180.76.5.161', 1327323316, 'search'),
('180.76.6.231', 1327326021, 'search'),
('91.45.87.124', 1327344045, 'chan_post'),
('180.76.5.193', 1327354948, 'search'),
('108.46.109.45', 1327366382, 'chan_post'),
('180.76.5.150', 1327367641, 'search'),
('180.76.5.176', 1327367871, 'search'),
('180.76.6.36', 1327371162, 'search'),
('178.137.160.108', 1327380181, 'chan_post'),
('188.165.248.204', 1327386008, 'search'),
('180.76.5.171', 1327390304, 'search'),
('180.76.5.110', 1327390984, 'search'),
('180.76.6.224', 1327418764, 'search'),
('46.21.144.176', 1327422075, 'chan_post'),
('91.45.74.85', 1327422090, 'chan_post'),
('95.108.151.244', 1327443959, 'search'),
('108.32.73.88', 1327445299, 'search'),
('180.76.6.26', 1327459078, 'search'),
('180.76.5.67', 1327461062, 'search'),
('88.190.13.201', 1327477029, 'search'),
('180.76.6.223', 1327495691, 'search'),
('180.76.5.65', 1327499411, 'search'),
('80.187.111.124', 1327500278, 'chan_post'),
('205.133.129.251', 1327500313, 'chan_post'),
('178.73.63.132', 1327508283, 'comment'),
('108.54.28.38', 1327512373, 'chan_post'),
('180.76.5.107', 1327528316, 'search'),
('180.76.6.37', 1327532796, 'search'),
('91.45.75.197', 1327533134, 'chan_post'),
('91.45.82.125', 1327536300, 'chan_post'),
('71.168.105.197', 1327549109, 'search'),
('65.24.104.208', 1327550520, 'chan_post'),
('65.52.104.19', 1327550836, 'search'),
('96.61.21.245', 1327552623, 'chan_post'),
('87.146.18.100', 1327569742, 'search'),
('123.125.71.89', 1327571688, 'search'),
('123.125.71.98', 1327571692, 'search'),
('123.125.71.17', 1327571694, 'search'),
('123.125.71.100', 1327571699, 'search'),
('123.125.71.57', 1327571702, 'search'),
('123.125.71.43', 1327571711, 'search'),
('123.125.71.116', 1327571715, 'search'),
('180.76.6.211', 1327584224, 'search'),
('157.55.18.22', 1327584398, 'search'),
('180.76.6.222', 1327595918, 'search'),
('91.45.74.225', 1327602425, 'chan_post'),
('91.45.80.151', 1327603103, 'chan_post'),
('91.45.74.234', 1327604406, 'chan_post'),
('180.76.5.98', 1327616670, 'search'),
('81.141.20.167', 1327617105, 'chan_post'),
('91.45.67.230', 1327618501, 'chan_post'),
('65.52.108.69', 1327620770, 'search'),
('189.107.93.136', 1327629436, 'chan_post'),
('108.54.29.198', 1327630181, 'chan_post'),
('180.76.5.191', 1327645560, 'search'),
('119.63.196.58', 1327646541, 'search'),
('82.128.203.31', 1327658400, 'search'),
('180.76.5.111', 1327670022, 'search'),
('84.75.168.91', 1327681521, 'chan_post'),
('66.249.68.40', 1327682994, 'search'),
('189.13.59.172', 1327695752, 'chan_post'),
('119.63.196.94', 1327696580, 'search'),
('91.45.77.207', 1327698972, 'chan_post'),
('119.63.196.123', 1327700767, 'search'),
('94.21.44.21', 1327701480, 'chan_post'),
('180.76.5.60', 1327705488, 'search'),
('180.76.6.212', 1327706856, 'search'),
('119.63.196.95', 1327721130, 'search'),
('123.125.71.31', 1327727231, 'search'),
('180.76.5.148', 1327727409, 'search'),
('119.63.196.30', 1327729461, 'search'),
('119.63.196.28', 1327737823, 'search'),
('119.63.196.32', 1327746161, 'search'),
('149.154.158.142', 1327748884, 'search'),
('180.76.5.196', 1327757276, 'search'),
('180.76.5.181', 1327759012, 'search'),
('189.107.110.210', 1327767286, 'comment'),
('189.107.110.210', 1327767465, 'chan_post'),
('119.63.196.122', 1327773376, 'search'),
('92.249.133.51', 1327776647, 'chan_post'),
('188.155.176.227', 1327777700, 'comment'),
('189.107.60.111', 1327782154, 'chan_post'),
('91.45.69.94', 1327782220, 'chan_post'),
('31.98.131.188', 1327783793, 'chan_post'),
('95.150.222.48', 1327784314, 'chan_post'),
('180.76.5.146', 1327786852, 'search'),
('119.63.196.126', 1327787787, 'search'),
('119.63.196.125', 1327791978, 'search'),
('180.76.5.90', 1327796112, 'search'),
('119.63.196.93', 1327798672, 'search'),
('97.118.197.181', 1327807413, 'chan_post'),
('184.60.171.92', 1327818954, 'chan_post'),
('180.76.5.136', 1327822461, 'search'),
('180.76.5.197', 1327837500, 'search'),
('180.76.5.96', 1327845210, 'search'),
('180.76.5.178', 1327845992, 'search'),
('189.107.47.235', 1327854932, 'chan_post'),
('88.68.69.158', 1327859589, 'search'),
('66.249.71.162', 1327862484, 'search'),
('74.211.71.94', 1327863386, 'chan_post'),
('66.219.58.43', 1327863766, 'search'),
('91.45.84.175', 1327864710, 'chan_post'),
('91.45.85.184', 1327870108, 'chan_post'),
('207.46.13.211', 1327872003, 'search'),
('97.118.244.171', 1327887380, 'chan_post'),
('180.76.6.233', 1327892877, 'search'),
('74.194.153.183', 1327894396, 'chan_post'),
('189.107.12.61', 1327898487, 'chan_post'),
('75.174.188.168', 1327902380, 'search'),
('38.101.148.126', 1327916655, 'search'),
('123.125.71.86', 1327918590, 'search'),
('123.125.71.83', 1327918592, 'search'),
('123.125.71.73', 1327918595, 'search'),
('123.125.71.44', 1327918597, 'search'),
('123.125.71.72', 1327918606, 'search'),
('123.125.71.103', 1327918609, 'search'),
('123.125.71.48', 1327918616, 'search'),
('123.125.71.21', 1327918618, 'search'),
('93.79.185.108', 1327919089, 'chan_post'),
('180.76.5.100', 1327924298, 'search'),
('180.76.5.137', 1327925523, 'search'),
('212.117.96.98', 1327925987, 'fo_post'),
('212.117.96.98', 1327927493, 'chan_post'),
('94.23.42.135', 1327933448, 'search'),
('81.174.247.151', 1327934335, 'chan_post'),
('123.125.71.33', 1327935818, 'search'),
('165.91.15.226', 1327943804, 'chan_post'),
('91.45.73.132', 1327946865, 'chan_post'),
('96.229.142.245', 1327953277, 'chan_post'),
('91.45.89.225', 1327955214, 'chan_post'),
('180.76.5.91', 1327960138, 'search'),
('163.6.199.122', 1327960453, 'search'),
('180.76.5.157', 1327961896, 'search'),
('180.76.5.156', 1327964159, 'search'),
('180.76.5.113', 1327964890, 'search'),
('180.76.5.49', 1327965736, 'search'),
('180.76.5.66', 1327966774, 'search'),
('180.76.6.230', 1327984437, 'search'),
('189.107.88.165', 1327986014, 'chan_post'),
('94.21.106.228', 1327994511, 'chan_post'),
('194.230.155.21', 1327996047, 'chan_post'),
('74.125.16.148', 1328008121, 'search'),
('180.76.5.190', 1328011699, 'search'),
('66.249.71.42', 1328012573, 'search'),
('80.2.190.210', 1328018094, 'chan_post'),
('118.141.196.113', 1328019217, 'chan_post'),
('71.200.126.159', 1328020877, 'chan_post'),
('180.76.5.61', 1328022892, 'search'),
('180.76.5.170', 1328024524, 'search'),
('130.193.10.37', 1328025163, 'search'),
('91.45.70.249', 1328031832, 'chan_post'),
('91.45.89.22', 1328033759, 'chan_post'),
('108.54.17.67', 1328034173, 'chan_post'),
('91.45.80.41', 1328041563, 'chan_post'),
('134.226.252.160', 1328047426, 'chan_post'),
('180.76.5.51', 1328048025, 'search'),
('180.76.5.94', 1328049686, 'search'),
('109.77.164.189', 1328050289, 'chan_post'),
('180.76.5.155', 1328050991, 'search'),
('86.30.140.58', 1328052921, 'fo_post'),
('66.249.71.121', 1328055705, 'search'),
('180.76.5.183', 1328056438, 'search'),
('108.46.106.66', 1328056585, 'chan_post'),
('180.76.6.227', 1328057822, 'search'),
('66.219.58.38', 1328062002, 'search'),
('92.113.1.47', 1328066276, 'chan_post'),
('189.107.126.54', 1328069863, 'chan_post'),
('180.76.5.92', 1328070455, 'search'),
('76.87.39.206', 1328072014, 'chan_post'),
('180.76.5.172', 1328073445, 'search'),
('180.76.5.101', 1328074547, 'search'),
('180.76.5.55', 1328079344, 'search'),
('180.76.5.88', 1328080344, 'search'),
('180.76.5.165', 1328081070, 'search'),
('178.137.160.169', 1328088206, 'chan_post'),
('180.76.6.29', 1328093646, 'search'),
('180.76.5.151', 1328094851, 'search'),
('123.125.71.79', 1328097428, 'search'),
('123.125.71.16', 1328097662, 'search'),
('123.125.71.94', 1328097892, 'search'),
('123.125.71.76', 1328098351, 'search'),
('180.76.5.164', 1328098879, 'search'),
('188.155.176.227', 1328102483, 'fo_post'),
('91.45.85.85', 1328108624, 'chan_post'),
('80.187.110.188', 1328110260, 'chan_post'),
('205.133.129.70', 1328110405, 'chan_post'),
('149.154.158.162', 1328116851, 'search'),
('180.76.5.149', 1328119696, 'search'),
('178.137.19.170', 1328123162, 'chan_post'),
('91.45.72.234', 1328124277, 'chan_post'),
('142.104.224.208', 1328125038, 'search'),
('180.76.5.99', 1328127023, 'search'),
('86.30.140.58', 1328128847, 'chan_post'),
('173.224.11.227', 1328129673, 'chan_post'),
('188.155.176.227', 1328130679, 'chan_post'),
('180.76.6.35', 1328131850, 'search'),
('180.76.5.175', 1328133016, 'search'),
('93.127.40.41', 1328138193, 'chan_post'),
('188.155.176.227', 1328139580, 'visit:4'),
('180.76.5.64', 1328139910, 'search'),
('91.207.8.34', 1328140151, 'chan_post'),
('180.76.5.159', 1328141785, 'search'),
('180.76.5.145', 1328142093, 'search'),
('91.45.69.60', 1328142330, 'chan_post'),
('86.30.140.58', 1328142738, 'visit:9'),
('69.132.164.33', 1328145050, 'search'),
('67.84.106.212', 1328146559, 'search'),
('68.52.136.54', 1328150395, 'chan_post'),
('66.249.66.170', 1328156720, 'search'),
('66.249.72.211', 1328158169, 'search'),
('108.54.23.200', 1328159364, 'chan_post'),
('208.115.111.66', 1328163178, 'search'),
('208.115.113.82', 1328163670, 'search'),
('66.249.66.79', 1328165090, 'search'),
('66.249.72.46', 1328165895, 'search'),
('180.76.5.180', 1328167839, 'search'),
('180.76.6.21', 1328169215, 'search'),
('180.76.5.93', 1328170411, 'search'),
('180.76.5.143', 1328172266, 'search'),
('66.249.66.231', 1328174884, 'search'),
('66.249.72.179', 1328175042, 'search'),
('212.117.96.98', 1328175220, 'visit:4');
INSERT INTO `ms_timer` (`IP`, `time`, `action`) VALUES
('127.0.0.1', 1328443585, 'chan_post'),
('127.0.0.1', 1328783965, 'visit:4'),
('127.0.0.1', 1328783965, 'visit:4');

-- --------------------------------------------------------

--
-- Table structure for table `ms_urls`
--

CREATE TABLE IF NOT EXISTS `ms_urls` (
  `short` varchar(15) COLLATE latin1_general_ci NOT NULL,
  `long` text COLLATE latin1_general_ci NOT NULL
) ENGINE=MyISAM DEFAULT CHARSET=latin1 COLLATE=latin1_general_ci;

-- --------------------------------------------------------

--
-- Table structure for table `ms_widgets`
--

CREATE TABLE IF NOT EXISTS `ms_widgets` (
  `widgetID` bigint(20) NOT NULL AUTO_INCREMENT,
  `MID` bigint(20) NOT NULL,
  `title` varchar(35) NOT NULL,
  `index` varchar(35) NOT NULL,
  `spaces` text NOT NULL,
  `group` int(11) NOT NULL,
  PRIMARY KEY (`widgetID`)
) ENGINE=MyISAM  DEFAULT CHARSET=latin1 AUTO_INCREMENT=4 ;

--
-- Dumping data for table `ms_widgets`
--

INSERT INTO `ms_widgets` (`widgetID`, `MID`, `title`, `index`, `spaces`, `group`) VALUES
(2, 13, 'BlogWidget', 'blog.widget.php', '', 2),
(3, 12, 'GalleryWidget', 'gallery.widget.php', '', 2);

-- --------------------------------------------------------

--
-- Table structure for table `ud_fields`
--

CREATE TABLE IF NOT EXISTS `ud_fields` (
  `fieldID` bigint(20) NOT NULL AUTO_INCREMENT,
  `title` varchar(35) NOT NULL,
  `varname` varchar(32) NOT NULL,
  `options` text NOT NULL,
  `group` bigint(20) NOT NULL,
  PRIMARY KEY (`fieldID`),
  UNIQUE KEY `varname` (`varname`)
) ENGINE=MyISAM  DEFAULT CHARSET=latin1 AUTO_INCREMENT=5 ;

--
-- Dumping data for table `ud_fields`
--

INSERT INTO `ud_fields` (`fieldID`, `title`, `varname`, `options`, `group`) VALUES
(3, 'Posts', 'fo_posts', 'p', 2),
(4, 'Location', 'location', 'p;e', 2);

-- --------------------------------------------------------

--
-- Table structure for table `ud_groups`
--

CREATE TABLE IF NOT EXISTS `ud_groups` (
  `groupID` bigint(20) NOT NULL AUTO_INCREMENT,
  `title` varchar(35) NOT NULL,
  `publictext` text NOT NULL,
  `privatetext` text NOT NULL,
  `filename` varchar(50) NOT NULL,
  `foundingDate` int(11) NOT NULL,
  `leaders` text NOT NULL,
  `members` text NOT NULL,
  `unapproved` text NOT NULL,
  `options` text NOT NULL,
  PRIMARY KEY (`groupID`)
) ENGINE=MyISAM  DEFAULT CHARSET=latin1 AUTO_INCREMENT=6 ;

--
-- Dumping data for table `ud_groups`
--

INSERT INTO `ud_groups` (`groupID`, `title`, `publictext`, `privatetext`, `filename`, `foundingDate`, `leaders`, `members`, `unapproved`, `options`) VALUES
(4, 'Staff', 'This is the official TymoonNET Staff group. You can find all moderators and administrators here.', 'Clearly, WE&#039;RE THE BEST.', '1311920592Staff.png', 0, '4;9', '', '', 'c;-;-;-');

-- --------------------------------------------------------

--
-- Table structure for table `ud_permissions`
--

CREATE TABLE IF NOT EXISTS `ud_permissions` (
  `UID` bigint(20) NOT NULL,
  `base` varchar(32) NOT NULL,
  `tree` text NOT NULL
) ENGINE=InnoDB DEFAULT CHARSET=latin1;

--
-- Dumping data for table `ud_permissions`
--

INSERT INTO `ud_permissions` (`UID`, `base`, `tree`) VALUES
(7, 'basic', '*'),
(8, 'user', 'profile.*\ngroups.enter.open\ngroups.edit.leader'),
(4, '*', ''),
(7, 'user', 'profile.* \r\ngroups.enter.open \r\ngroups.edit.leader'),
(8, 'basic', '*'),
(9, 'basic', '*'),
(9, 'user', 'profile.*\r\ngroups.enter.open\r\ngroups.edit.leader\r\nmod.*'),
(9, 'chan', '*'),
(9, 'admin', 'tickets\r\nban\r\npanel\r\nbbcode\r\nsettings\r\n'),
(10, 'basic', '*'),
(10, 'user', 'profile.*\ngroups.enter.open\ngroups.edit.leader'),
(11, 'basic', '*'),
(11, 'user', 'profile.*\ngroups.enter.open\ngroups.edit.leader'),
(12, 'basic', '*'),
(12, 'user', 'profile.*\ngroups.enter.open\ngroups.edit.leader'),
(13, 'basic', '*'),
(13, 'user', 'profile.*\ngroups.enter.open\ngroups.edit.leader'),
(14, 'basic', '*'),
(14, 'user', 'profile.*\ngroups.enter.open\ngroups.edit.leader'),
(15, 'basic', '*'),
(15, 'user', 'profile.*\ngroups.enter.open\ngroups.edit.leader'),
(16, 'basic', '*'),
(16, 'user', 'profile.*\ngroups.enter.open\ngroups.edit.leader'),
(17, 'basic', '*'),
(17, 'user', 'profile.*\ngroups.enter.open\ngroups.edit.leader'),
(18, 'basic', '*'),
(18, 'user', 'profile.*\ngroups.enter.open\ngroups.edit.leader'),
(19, 'basic', '*'),
(19, 'user', 'profile.*\ngroups.enter.open\ngroups.edit.leader'),
(20, 'basic', '*'),
(20, 'user', 'profile.*\ngroups.enter.open\ngroups.edit.leader'),
(21, 'basic', '*'),
(21, 'user', 'profile.*\ngroups.enter.open\ngroups.edit.leader'),
(22, 'basic', '*'),
(22, 'user', 'profile.*\ngroups.enter.open\ngroups.edit.leader'),
(9, 'comments', '*'),
(9, 'shortener', '*'),
(9, 'themes', '*'),
(9, 'blog', '*'),
(9, 'gallery', '*'),
(9, 'forum', '*'),
(23, 'basic', '*'),
(23, 'user', 'profile.*\ngroups.enter.open\ngroups.edit.leader');

-- --------------------------------------------------------

--
-- Table structure for table `ud_profile`
--

CREATE TABLE IF NOT EXISTS `ud_profile` (
  `UID` bigint(20) NOT NULL AUTO_INCREMENT,
  `firstname` varchar(35) NOT NULL,
  `lastname` varchar(35) NOT NULL,
  `custom` text NOT NULL,
  `website` varchar(35) NOT NULL,
  `signature` text NOT NULL,
  `birthdate` varchar(16) NOT NULL,
  `joindate` varchar(16) NOT NULL,
  `tagline` varchar(35) NOT NULL,
  `fields` text NOT NULL,
  `friends` text NOT NULL,
  `foes` text NOT NULL,
  `groups` text NOT NULL,
  PRIMARY KEY (`UID`)
) ENGINE=InnoDB  DEFAULT CHARSET=latin1 AUTO_INCREMENT=24 ;

--
-- Dumping data for table `ud_profile`
--

INSERT INTO `ud_profile` (`UID`, `firstname`, `lastname`, `custom`, `website`, `signature`, `birthdate`, `joindate`, `tagline`, `fields`, `friends`, `foes`, `groups`) VALUES
(4, 'Nicolas', 'Hafner', 'Basically, I rule.', 'http://tymoon.eu', '', '18-11-1993', '1303724855', 'Greetings, my dear subjects...', 'testvar=test;fo_posts=9', ';7;8', '', '4;5;5'),
(6, '', '', '', '', '', '--', '1317209187', '', ';testvar=', '', '', ''),
(7, 'Kieran', 'Rumball', 'bluh bluh testing testing', '', 'Zer0 is a faggot! Also, checking if this updates right n&#039; shit.', '20-9-1987', '1318453145', 'Sign....', ';fo_posts=-41;location=', ';4', ';4', ''),
(8, '', '', 'I am the best at not making webcomics.\r\n\r\nIt&#039;s me.\r\n\r\nLook at all the webcomics I&#039;ve made.', '', 'THIS IS THE END OF MY POST\r\n\r\nTHANK YOU AND GOODNIGHT', '20-1-1993', '1318586549', 'reactivating internalisers', ';fo_posts=;location=', ';4', '', ''),
(9, '', '', '', '', '', '7-9-1986', '1319930983', '', 'fo_posts=2;location=', '', '', ''),
(10, 'Tony', 'Chestang', '', 'DihAredChan', 'This is a signature.', '5-7-1988', '1321568178', '', '', '', '', ''),
(11, '', '', '', '', '', '--', '1321571381', '', '', '', '', ''),
(12, 'sarah', 'reilly', '', '', '', '29-5-1997', '1321737980', '', '', '', '', ''),
(13, 'Alyssa', '', '', '', '', '20-2-', '1322436924', '', '', '', '', ''),
(14, '', '', '', '', '', '--', '1322698594', '', '', '', '', ''),
(15, 'Rachel', 'Sherman', '', '', '', '--', '1323269125', '', '', '', '', ''),
(16, '', '', '', '', '', '--', '1323551230', '', '', '', '', ''),
(17, 'John', 'Egglederp', '', '', '', '--', '1323734099', '', '', '', '', ''),
(18, '', '', '', '', '', '--', '1324346153', '', '', '', '', ''),
(19, '', '', '', '', '', '--', '1324517576', '', '', '', '', ''),
(20, '', '', '', '', '', '--', '1324606959', '', ';fo_posts=;location=', '', '', ''),
(21, '', '', '', '', '', '--', '1325736277', '', '', '', '', ''),
(22, 'Parker', 'Peter', '', 'www.lolno.com', '', '--', '1325809143', '', '', '', '', ''),
(23, '', '', '', '', '', '--', '1326265494', '', '', '', '', '');

-- --------------------------------------------------------

--
-- Table structure for table `ud_users`
--

CREATE TABLE IF NOT EXISTS `ud_users` (
  `userID` bigint(20) NOT NULL AUTO_INCREMENT,
  `username` varchar(32) NOT NULL,
  `usermail` varchar(35) NOT NULL,
  `userpass` varchar(256) NOT NULL,
  `usersecret` text NOT NULL,
  `displayname` varchar(32) NOT NULL,
  `filename` varchar(50) NOT NULL,
  `group` bigint(20) NOT NULL,
  `activationC` text NOT NULL,
  PRIMARY KEY (`userID`),
  UNIQUE KEY `username` (`username`),
  UNIQUE KEY `displayname` (`displayname`)
) ENGINE=InnoDB  DEFAULT CHARSET=latin1 AUTO_INCREMENT=24 ;

--
-- Dumping data for table `ud_users`
--

INSERT INTO `ud_users` (`userID`, `username`, `usermail`, `userpass`, `usersecret`, `displayname`, `filename`, `group`, `activationC`) VALUES
(4, 'Shinmera', 'nhafner@gmx.ch', '9c9b7260d5e4d1fa396a1255ea82f0a879559c28f64a93d397ccaf2fcef3f09322ac23ff72095f24a4c99bb55696cfdafc409f39fcdcfda9b11da460f9bd5ae5', 'daiuhd3o827oro2n3uir278or2nui3r2n9o3funadw', 'Princess Celestia', '1318586345Shinmera.png', 3, 'activated'),
(6, 'Testaccount', 'nhafner@gmx.ch', '30d328e3220c1c57db54f825c24772de7c538d7cf3c4dd412c8bfde90c64245be57c19f83ce73ab1fc6386f5ca72398f43c74b4e2443ff264de84b230aca2fad', '5nK9544BB5Dcla61D2589aY8O', 'Testaccount', '', 2, 'activated'),
(7, 'Seagoon', 'KieranRumball@hotmail.com', 'b28df9f58c4edc5501ee51d56c04b16a6cfd591cc1ac3e9ada7c4c238e5394c40ed7bf0fc481e34a5c194f858253d8e7c014ef83bab005376cbc7697f0eed725', '4s97gdBj14dQgQKU2x9zDn5XR', 'Malakin', '1318538927Seagoon.png', 2, 'activated'),
(8, 'Ruke', 'ruke42@hotmail.com', 'af55c4768a921d6744b46f47a130438aba5a63510dcba501aa37db53a8cb77c5c4c454901e1527a55ffa6ac1d846b147248d37d1259f393d0a5a47ae379b0dc2', 'A0n4gkQa0r7I32N11177Z9S03', 'Ruke', '1323148329Ruke.png', 2, 'activated'),
(9, 'Mithent', 'mithent@gmail.com', 'a3fdcec8dc8ec7d1a0452ab971a5f0416c9d6535a8038d38039a357a4da3dfac861e3c0ab7946bdcb29162b094ac6580f585eaf296a4806d28597485546057a0', 'Y39Fs6941mX5U2363KDMYU60Z', 'Mithent', '1319931137Mithent.png', 4, 'activated'),
(10, 'dihared', 'dihared@gmail.com', '3d9b657166e06f0f245000e6d84bd09684369c453eec5a53d99891fb27ffa78c8deff6072bb91a37677952135e3ef70da30d89baacdcc170b5f421d7f528ce6c', '4z2B6zi627qFBN4fd0w6l7K01', 'dihared', '1321568299dihared.png', 2, 'activated'),
(11, 'vampkn', 'rose_nielsen@yahoo.com', '1c925b8843d8d0e4bbcb77bbbd793087e92737bad340f0e2fb0edbea67b524fa694f2694e0da3cf6c23e22c7be05c04c2ed971f89a0a3aa00d78e9599ec5a603', 'r82OO5u2t566c1N6uR3AN74lc', 'vampkn', '', 2, 'j8HZ0KaoU9RH4Tq'),
(12, 'childishpuppy', 'sadier4@hotmail.co.uk', 'dd7d22f595718e3028a40e0f4ba278e250f1ad0b2d5b03d9aab2617fb6548b105f129f499c2dd0a650deafee6d38ec184343f13fb95cc694642d1afa52b7b576', '3TJ2Z6jKO97tJLg8C5z9IU72k', 'childishpuppy', '', 2, 'activated'),
(13, 'Oshowatt', 'domokunrox1998@gmail.com', '9b15cb5f53b2fdadcd79684ec077606f0ecc157244ce4b12d509c767a7f01e431b935e8379a6fe048aad0b3519c77cb3566aded4d6c727d000e196e041a5c519', 'nxP5A6LkW45n9798I5lznA7Y7', 'Oshowatt', '', 2, '3N19H2D9Ifx81D7'),
(14, 'macabremelodrama', 'penguyoko@hotmial.com', '6b5f78ba7e690e25ed3dcc1a25bb9f28f0ae605028cfb943c879368467c4a10dc323c00be91ccdb4c72ffc7ab86bbc7a0a1bbae26a2b39b53086f2bd1e796fb5', '0651I6n20h4dM16zMnP752QE7', 'macabremelodrama', '', 2, '2L8592sbd7P452L'),
(15, 'BlindBabe', 'sexytroll86@gmail.com', 'fbc48afa194a81ff1b803e4ada9f3dd68d86289d3f20326ef4a691cf9c5d449768da20c4a295d06deb09be3d75a6eee42e522bd8877f2338e0f100e98931d58f', '8qqS6lxFU9YHxG6bF7j6M3v1x', 'BlindBabe', '1323269280BlindBabe.jpg', 2, 'activated'),
(16, 'adsfchan', 'samanthaticki@gmail.com', 'cff5c132ed329082278fae8c07a480b7821136b16ff8b89fe390692bc5e9198141696733f3a2e07239e47b0db128f5d5d7349d82277a0766f14f7713abe52bb7', '1Din4s0dF0oo0dhaR10ZF6H42', 'adsfchan', '', 2, 'activated'),
(17, 'SpringSlink', 'zchrono@email.com', '890172acfbd10393a2cb547b402bb6b16ba8eaacba773370df88d009846bb971f6e2ce621f2e557ec7e651bb0f6f958131ade6a13823c3b807c3fb8fb8c839e1', '0n2Y29NW3UD3U6L40Y4bX5U7o', 'SpringSlink', '', 2, '6QM110724eq14tQ'),
(18, 'wildmildtigerchan', 'asiap623@gmail.com', '8c87cc8eb2dd16dd537536b4d66c9070f5d4da17c4493f00fc4ba42fc5cf98c9d200c3bca5d698d39bc450e6abd78c369c87ff5c6c86335284899c01ec7082bd', '3f811C55nt55360uV10rpe5rV', 'wildmildtigerchan', '', 2, 'g8983lV45ANLcB5'),
(19, 'fuckyou', 'winry_amber@yahoo.com', 'd46e9c6100fa55b60163567c6c3f443baed15fa5fcbd252fe6cfcd9b801e00848708847f96ef215d1906c7e8235c08493cbc5e4382f640c7770e52171dde049e', 'r7l1O1612QBw11u9B56g2dFO5', 'fuckyou', '', 2, '766978Cvq10NbC5'),
(20, 'Adam24', 'adam453@gmail.com', '45c8128e40b8d1892b98833c8e34ed2cd300cfaf4f16ba6fcbdef0838e2fe620384aee9da416cd52536b29b71ee63e5c8b31dc680760f21c8b1eb1d0b1beb1ae', '6897ld1t0E0p059uIc91E08L1', 'Adam The Pikachu', '1324607195Adam24.jpg', 2, 'activated'),
(21, 'gallowsCalibrator', 'britishschones@ymail.com', '19a0d8d421f0f3256c1e66af6eeea2e1c8de62b9ebca2e4bfebe92da02aec56e910cb00df3e7e846d7163ab4e4f31d763f335e2cdbb4345aa4a28fb100c65f90', '9Y9XVvR89EK453217C7ll55FI', 'gallowsCalibrator', '', 2, 'atl25Ji01R2OdJe'),
(22, 'Mbyte', '96mbyte@gmail.com', '24011aa21dd287fbcf3bbec313fd2969bd57806df20784836e498f840ec671747859603ef30fc0a6448afb9b690d8cb3bf4a7f5e23a035fa6e21a2697d244923', 'bW391TRLOu5q0v0KDDxu9Bi8n', 'Mbyte', '1325809446Mbyte.jpg', 2, 'c2zSc14J779K1a4'),
(23, 'Fragelistic', 'alicia.dancer@hotmail.com', 'bc7b9b07a8122c8148d410f01c14a39b6bbab8eb09ca58bde56f4893cd4c2bd29ea479c6b147f7d95be130c1ae21b0a4d020afafe60bad4318cde7b3994865f9', '47S453Db5s48n88iUpD927lYs', 'Fragelistic', '', 2, '4488U42tf2zTk73');
